{
  "hover_time": {
    "seconds": 2
  },
  "waypoints": [
    [
      0,
      0.1,
      0.2,
      1,
      7.5,
      8
    ],
    [
      0,
      0,
      0,
      0,
      0,
      0
    ],
    [
      0,
      -0.5,
      -0.8,
      -1.05,
      -1,
      -1
    ]
  ],
  "waypoint_times": [
    0,
    0.15000000000000002,
    0.22999999999999998,
    0.405,
    1.0050000000000001,
    1.205
  ],
  "piecewise_polynomial_coefficients": [
    [
      -202766.21600456245,
      120082.03815197258,
      -25442.958900455902,
      1996.4648198619298,
      0,
      0,
      0,
      0
    ],
    [
      0,
      0,
      0,
      0,
      0,
      0,
      0,
      0
    ],
    [
      945262.09133442689,
      -559811.47758000612,
      120116.35280376757,
      -9599.60855425634,
      0,
      0,
      0,
      0
    ],
    [
      -311037.10583098163,
      99682.5676337817,
      -14027.767981345147,
      1223.9505814187419,
      -14.013175258111239,
      -0.652885077259995,
      1.0947264801107799,
      0.1
    ],
    [
      0,
      0,
      0,
      0,
      0,
      0,
      0,
      0
    ],
    [
      1.4388483652985857E+6,
      -462040.35281539953,
      61471.313250413223,
      -4864.3548049133224,
      228.00219247537126,
      14.308985704248075,
      -5.2444198565707127,
      -0.5
    ],
    [
      -1656.7195134271115,
      1029.3174247607731,
      -48.1276339171211,
      -158.64014254272269,
      54.720557640466453,
      11.003118520857768,
      1.7440592591971873,
      0.2
    ],
    [
      0,
      0,
      0,
      0,
      0,
      0,
      0,
      0
    ],
    [
      3933.9235539877382,
      -2770.6269575531069,
      484.367870347207,
      123.80380825328115,
      -62.987493408261,
      12.105003253601479,
      -2.3939984426656515,
      -0.8
    ],
    [
      -38.957615604543008,
      72.010428547725212,
      -38.792062824096689,
      -1.0086930893227688,
      -15.120428056470331,
      16.772457404986014,
      7.6766176297420055,
      1
    ],
    [
      0,
      0,
      0,
      0,
      0,
      0,
      0,
      0
    ],
    [
      2.8190593827267847,
      -5.9379699723557522,
      13.142835191987825,
      -14.957338098055555,
      4.1719063763955733,
      2.3256771255595012,
      -0.95627513871650438,
      -1.05
    ],
    [
      -55617.6686804872,
      33076.404766054824,
      -6502.38345111371,
      557.67184334702324,
      -22.819410693622359,
      -20.0419007504607,
      6.3386766232562231,
      7.5
    ],
    [
      0,
      0,
      0,
      0,
      0,
      0,
      0,
      0
    ],
    [
      2005.2577131260186,
      -1195.8892550314777,
      207.03104238183005,
      -8.1103659930740832,
      2.7237247116901022,
      -1.0242200906769117,
      0.0838763577714,
      -1
    ]
  ]
}