{
  "hover_time": {
    "seconds": 2
  },
  "waypoints": [
    [
      0,
      0.1,
      0.2,
      1,
      15,
      19
    ],
    [
      0,
      0,
      0,
      0,
      0,
      0
    ],
    [
      0,
      -0.5,
      -0.8,
      -1.1,
      -0.95,
      -0.8
    ]
  ],
  "waypoint_times": [
    0,
    0.483,
    0.74059999999999993,
    1.3041,
    3.3005,
    4.6529
  ],
  "piecewise_polynomial_coefficients": [
    [
      -51.704652654930371,
      98.59695196488849,
      -67.683086297492082,
      17.352786409265132,
      0,
      0,
      0,
      0
    ],
    [
      0,
      0,
      0,
      0,
      0,
      0,
      0,
      0
    ],
    [
      264.87905789619163,
      -505.11837897353161,
      348.8341189872163,
      -89.6816801882533,
      0,
      0,
      0,
      0
    ],
    [
      -79.696561359235318,
      82.142801595514925,
      -35.566116697027311,
      9.78093700425902,
      -0.66495900962693122,
      -0.02682233497963268,
      0.35876273612709181,
      0.1
    ],
    [
      0,
      0,
      0,
      0,
      0,
      0,
      0,
      0
    ],
    [
      403.13823678551375,
      -416.85903217663196,
      178.95049088577548,
      -45.7499076873321,
      6.7560941876847576,
      1.3928399031257601,
      -1.6226062096982969,
      -0.5
    ],
    [
      -0.55264708174092547,
      1.0694974563863155,
      -0.98108582113080356,
      0.099488544921414235,
      1.6124038413756931,
      0.80111097761286787,
      0.49432928986090191,
      0.2
    ],
    [
      0,
      0,
      0,
      0,
      0,
      0,
      0,
      0
    ],
    [
      1.0845619897341958,
      -2.46927906700442,
      1.3048860002283997,
      1.3863845203039755,
      -2.0202408441972559,
      1.0573928189663211,
      -0.76079730434580217,
      -0.8
    ],
    [
      -0.014023389202614506,
      0.086201019790945188,
      -0.090439768758253436,
      -0.54793418755631018,
      0.59842246281263933,
      2.919100838907168,
      2.7504920475805092,
      1
    ],
    [
      0,
      0,
      0,
      0,
      0,
      0,
      0,
      0
    ],
    [
      7.0020342680734982E-6,
      -0.00063113049428109233,
      0.022982222849888295,
      -0.14269513656232702,
      0.23891952728060531,
      0.177818255356304,
      -0.44219753600875589,
      -1.1
    ],
    [
      -0.7533889379868981,
      3.062190668845858,
      -4.1923677946955991,
      2.7467116948537864,
      -1.4606285944270252,
      -2.5956485269533909,
      7.1257523882327485,
      15
    ],
    [
      0,
      0,
      0,
      0,
      0,
      0,
      0,
      0
    ],
    [
      -0.017437513739094079,
      0.070628890786702314,
      -0.10869659202505133,
      0.11401311123342062,
      -0.081147883009977689,
      -0.12066355285084326,
      0.29127505032208195,
      -0.95
    ]
  ]
}