{
  "hover_time": {
    "seconds": 2
  },
  "waypoints": [
    [
      0,
      0.1,
      0.2,
      1,
      10,
      11.5
    ],
    [
      0,
      0,
      0,
      0,
      0,
      0
    ],
    [
      0,
      -0.5,
      -0.8,
      -1.1,
      -1,
      -0.9
    ]
  ],
  "waypoint_times": [
    0,
    0.38625,
    0.59224999999999994,
    1.042875,
    2.6393750000000002,
    3.720875
  ],
  "piecewise_polynomial_coefficients": [
    [
      -259.87302320061,
      396.30192049787041,
      -216.78874480871042,
      44.078627880563175,
      0,
      0,
      0,
      0
    ],
    [
      0,
      0,
      0,
      0,
      0,
      0,
      0,
      0
    ],
    [
      1266.5232103975206,
      -1931.4346330633807,
      1066.6598623181774,
      -219.2953945418005,
      0,
      0,
      0,
      0
    ],
    [
      -396.35298629848205,
      327.57011538360808,
      -116.70204853330792,
      26.05116765092264,
      -1.034604817230286,
      -0.073246983354479253,
      0.4356255444963929,
      0.1
    ],
    [
      0,
      0,
      0,
      0,
      0,
      0,
      0,
      0
    ],
    [
      1927.7124359512409,
      -1594.0172032138598,
      547.21855926142746,
      -111.87635210786954,
      13.209972310588556,
      2.1781074559588509,
      -2.0290012346046824,
      -0.5
    ],
    [
      -1.3473218530069615,
      2.3276622841075363,
      -0.95070206315108319,
      -2.0138823573077294,
      3.1974979620469632,
      1.479208907908643,
      0.65096325036354619,
      0.2
    ],
    [
      0,
      0,
      0,
      0,
      0,
      0,
      0,
      0
    ],
    [
      5.2201199102495464,
      -9.48907358189645,
      4.0035633378870727,
      3.393544497404207,
      -3.9497653753838269,
      1.6527710858898517,
      -0.95147300311089145,
      -0.8
    ],
    [
      -0.011656563423053471,
      0.057684694160497672,
      0.17528511418426454,
      -1.0764380590525797,
      -0.047650092323682482,
      3.39218182435112,
      3.1793843895029119,
      1
    ],
    [
      0,
      0,
      0,
      0,
      0,
      0,
      0,
      0
    ],
    [
      0.001442939329768118,
      -0.0093324475246391,
      0.087868082727594554,
      -0.37167536719404254,
      0.46457870690756603,
      0.2790359533313902,
      -0.55248468344258661,
      -1.1
    ],
    [
      -0.61164612652199413,
      1.9882449696370408,
      -2.536357879918345,
      2.0947469401754297,
      -0.40992578914540512,
      -3.0828588350685906,
      4.0576442834017206,
      10
    ],
    [
      0,
      0,
      0,
      0,
      0,
      0,
      0,
      0
    ],
    [
      -0.0073067995662831385,
      0.022809909622519081,
      -0.07754920300365542,
      0.18044482906860054,
      -0.1007665724541969,
      -0.19947861949806778,
      0.28183968176491647,
      -1
    ]
  ]
}