{
  "hover_time": {
    "seconds": 2
  },
  "waypoints": [
    [
      0,
      0.1,
      0.2,
      1,
      13,
      20
    ],
    [
      0,
      0,
      0,
      0,
      0,
      0
    ],
    [
      0,
      -0.5,
      -0.8,
      -1.1,
      -1.7,
      -2.2
    ]
  ],
  "waypoint_times": [
    0,
    0.50475,
    0.77395,
    1.362825,
    3.4491250000000004,
    4.7951250000000005
  ],
  "piecewise_polynomial_coefficients": [
    [
      -43.5490177757559,
      86.78046040353658,
      -61.676049463907795,
      16.162571835352384,
      0,
      0,
      0,
      0
    ],
    [
      0,
      0,
      0,
      0,
      0,
      0,
      0,
      0
    ],
    [
      194.64763944169704,
      -387.90307945311866,
      279.94291805208513,
      -75.208207011840287,
      0,
      0,
      0,
      0
    ],
    [
      -68.53461208214415,
      73.433468466120658,
      -35.289759164264986,
      10.372902157830701,
      -0.24363592872386744,
      -0.0765480079395645,
      0.3149706762598895,
      0.1
    ],
    [
      0,
      0,
      0,
      0,
      0,
      0,
      0,
      0
    ],
    [
      296.46099915115644,
      -320.29632249419285,
      143.683490555522,
      -38.382845219528555,
      5.9170157546584337,
      1.2758045236644331,
      -1.5524534747945631,
      -0.5
    ],
    [
      -0.94414164011897939,
      1.8033230971214707,
      -0.2572042582684238,
      -1.8590104233625737,
      1.4061961440509387,
      1.1024721309367795,
      0.54389503052075139,
      0.2
    ],
    [
      0,
      0,
      0,
      0,
      0,
      0,
      0,
      0
    ],
    [
      0.86933706288418777,
      -2.02654216094181,
      1.1039824724675951,
      1.1624065760792655,
      -1.76616016038716,
      0.96573708693142124,
      -0.72855859805231649,
      -0.8
    ],
    [
      -0.031497806025833512,
      0.20216559686069741,
      -0.66571572010870117,
      1.18201211760172,
      -0.47334109059197105,
      1.0423129833040126,
      2.1226936349686025,
      1
    ],
    [
      0,
      0,
      0,
      0,
      0,
      0,
      0,
      0
    ],
    [
      0.0029803778797127417,
      -0.019571368024731053,
      0.0810368379126022,
      -0.2193424730024903,
      0.18243706033335319,
      0.15588772305845708,
      -0.42254885463576142,
      -1.1
    ],
    [
      -2.1188571595541887,
      8.5646741651723914,
      -11.037754577975903,
      5.4666761065525691,
      -3.7544505045042253,
      -0.19679043971392052,
      9.927336149344212,
      13
    ],
    [
      0,
      0,
      0,
      0,
      0,
      0,
      0,
      0
    ],
    [
      0.18444948022512095,
      -0.74578582438874719,
      0.94295365990191637,
      -0.40886828848086104,
      0.30097487876194579,
      -0.15967899409863462,
      -0.60181384015191,
      -1.7
    ]
  ]
}