{
  "hover_time": {
    "seconds": 2
  },
  "waypoints": [
    [
      0,
      0.1,
      0.2,
      1,
      15,
      19
    ],
    [
      0,
      0,
      0,
      0,
      0,
      0
    ],
    [
      0,
      -0.5,
      -0.8,
      -1.1,
      -0.95,
      -0.8
    ]
  ],
  "waypoint_times": [
    0,
    0.48,
    0.736,
    1.296,
    3.2800000000000002,
    4.624
  ],
  "piecewise_polynomial_coefficients": [
    [
      -54.009589762390256,
      102.35259300330409,
      -69.824787206413419,
      17.790690100946602,
      0,
      0,
      0,
      0
    ],
    [
      0,
      0,
      0,
      0,
      0,
      0,
      0,
      0
    ],
    [
      276.68707784406814,
      -524.35876396290632,
      359.87230283841973,
      -91.944829052454821,
      0,
      0,
      0,
      0
    ],
    [
      -83.249347220493689,
      85.271690120887513,
      -36.691537940664105,
      10.027762399689003,
      -0.67750507816887073,
      -0.027158661903335914,
      0.36100500323098872,
      0.1
    ],
    [
      0,
      0,
      0,
      0,
      0,
      0,
      0,
      0
    ],
    [
      421.10970027354051,
      -432.73754411982355,
      184.6130344723494,
      -46.904422753046589,
      6.8835643325344984,
      1.4103048097003132,
      -1.6327474985132788,
      -0.5
    ],
    [
      -0.57728348600136226,
      1.1102355145335849,
      -1.0121303909323203,
      0.1019991729074432,
      1.6428257607989825,
      0.81115615820297526,
      0.49741884791520607,
      0.2
    ],
    [
      0,
      0,
      0,
      0,
      0,
      0,
      0,
      0
    ],
    [
      1.132910582298607,
      -2.5633359891414091,
      1.3461766047123565,
      1.4213704232302504,
      -2.0583576003389146,
      1.0706515336343496,
      -0.7655522874882793,
      -0.8
    ],
    [
      -0.014648536615919666,
      0.089484489286437929,
      -0.093301560979767828,
      -0.56176150029037886,
      0.60971315767412015,
      2.9557036268073351,
      2.7676826228985054,
      1
    ],
    [
      0,
      0,
      0,
      0,
      0,
      0,
      0,
      0
    ],
    [
      7.31417712619524E-6,
      -0.000655170785916176,
      0.023709451031090387,
      -0.14629609874194605,
      0.24342732518343638,
      0.1800479295469164,
      -0.44496127062758539,
      -1.1
    ],
    [
      -0.78697419633195409,
      3.1788320931623844,
      -4.325027198334908,
      2.816025933576725,
      -1.4881869044363749,
      -2.6281955260019609,
      7.1702883406544542,
      15
    ],
    [
      0,
      0,
      0,
      0,
      0,
      0,
      0,
      0
    ],
    [
      -0.018214859114546567,
      0.073319204808372618,
      -0.11213608636884054,
      0.11689027238856653,
      -0.082678935152408317,
      -0.12217656069666105,
      0.29309551939486284,
      -0.95
    ]
  ]
}