{
  "normalized_thrust_to_thrust_polynomial": [
    -964.19079412220037,
    3455.3831563385143,
    -4891.1971714992978,
    3484.3076361578146,
    -1331.2807972002227,
    282.15568651345643,
    -17.583937014183508,
    0.79484684468749423
  ],
  "thrust_to_normalized_thrust_polynomial": [
    3.0316084940856985E-8,
    -1.8144686579320055E-6,
    4.2434512948450148E-5,
    -0.00050487431926882675,
    0.0035249290605074172,
    -0.017552333963266033,
    0.1149654034763074,
    0.011001286689222546
  ],
  "normalized_thrust_to_rps_polynomial": [
    -1468.5518114227311,
    0,
    3053.5665052664854,
    0,
    -2172.4802760460461,
    0,
    2722.5525374402337,
    307.17670168725192
  ],
  "estimated_Ct": 0.1022579599255781
}