{
  "hover_time": {
    "seconds": 2
  },
  "waypoints": [
    [
      0,
      0.1,
      0.2,
      1,
      10,
      11.5
    ],
    [
      0,
      0,
      0,
      0,
      0,
      0
    ],
    [
      0,
      -0.5,
      -0.8,
      -1.1,
      -1,
      -0.9
    ]
  ],
  "waypoint_times": [
    0,
    0.3525,
    0.5405,
    0.95174999999999987,
    2.40875,
    3.3957499999999996
  ],
  "piecewise_polynomial_coefficients": [
    [
      -492.86365854484728,
      685.934115794513,
      -342.43928876620794,
      63.542683440452556,
      0,
      0,
      0,
      0
    ],
    [
      0,
      0,
      0,
      0,
      0,
      0,
      0,
      0
    ],
    [
      2402.031790101305,
      -3342.9989579621492,
      1684.894872813448,
      -316.13093477409438,
      0,
      0,
      0,
      0
    ],
    [
      -751.70550772084687,
      566.97054892583981,
      -184.34244142195405,
      37.554732957310144,
      -1.3611394129609942,
      -0.087944459748120818,
      0.47733437322836331,
      0.1
    ],
    [
      0,
      0,
      0,
      0,
      0,
      0,
      0,
      0
    ],
    [
      3656.0139722037038,
      -2758.9843104431666,
      864.38589972766658,
      -161.27824227507239,
      17.379209584131623,
      2.6151586691049,
      -2.2232673102630369,
      -0.5
    ],
    [
      -2.5552709030091707,
      4.02880450669513,
      -1.5017280361579997,
      -2.9031640817372995,
      4.2066694709600254,
      1.7760216504886985,
      0.71328951900870408,
      0.2
    ],
    [
      0,
      0,
      0,
      0,
      0,
      0,
      0,
      0
    ],
    [
      9.9002480646572355,
      -16.424041760928734,
      6.3240247162217047,
      4.8920516401965832,
      -5.1963621613617184,
      1.9844101912653085,
      -1.0425714821289973,
      -0.8
    ],
    [
      -0.022107321561496866,
      0.09984281577038176,
      0.27688019474626813,
      -1.5517670609300231,
      -0.062689074795660132,
      4.07284483648336,
      3.4837935332033867,
      1
    ],
    [
      0,
      0,
      0,
      0,
      0,
      0,
      0,
      0
    ],
    [
      0.0027366147764616,
      -0.016152947522293352,
      0.13879633724778762,
      -0.53579821634389013,
      0.6112057259211664,
      0.33502630475123868,
      -0.60538215313765387,
      -1.1
    ],
    [
      -1.1600209361652176,
      3.4413284031359908,
      -4.0064284203761034,
      3.0197365049073532,
      -0.53930364384558471,
      -3.7014542078876693,
      4.446142140298817,
      10
    ],
    [
      0,
      0,
      0,
      0,
      0,
      0,
      0,
      0
    ],
    [
      -0.013857752224297084,
      0.0394802406321273,
      -0.1224966450400808,
      0.26012489961945406,
      -0.13256979959105369,
      -0.23950528228911527,
      0.30882433215004884,
      -1
    ]
  ]
}