{
  "hover_time": {
    "seconds": 2
  },
  "waypoints": [
    [
      0,
      0.1,
      0.2,
      1,
      10,
      10.5
    ],
    [
      0,
      0,
      0,
      0,
      0,
      0
    ],
    [
      0,
      -0.5,
      -0.8,
      -1.05,
      -1,
      -1
    ]
  ],
  "waypoint_times": [
    0,
    0.41250000000000003,
    0.6325,
    1.11375,
    2.81875,
    3.42375
  ],
  "piecewise_polynomial_coefficients": [
    [
      -159.41021367175455,
      259.61808547986709,
      -151.97305661305944,
      33.156017410891415,
      0,
      0,
      0,
      0
    ],
    [
      0,
      0,
      0,
      0,
      0,
      0,
      0,
      0
    ],
    [
      794.59714346507224,
      -1294.1042423528402,
      763.60417185874826,
      -167.82841333477464,
      0,
      0,
      0,
      0
    ],
    [
      -243.56339918400749,
      214.87765599298689,
      -80.5192390849609,
      19.067278681879394,
      -0.97516730116849371,
      -0.048560266926917388,
      0.41489473436850827,
      0.1
    ],
    [
      0,
      0,
      0,
      0,
      0,
      0,
      0,
      0
    ],
    [
      1209.49689345957,
      -1068.079599616548,
      390.73897996073993,
      -85.024460428769771,
      10.967104181858023,
      1.8916222899213437,
      -1.9072738814279435,
      -0.5
    ],
    [
      -0.97398378034584265,
      1.7419506561790898,
      -1.4412381464880464,
      -0.56989851639626743,
      2.6234061682909311,
      1.1857396241631701,
      0.59207556953971652,
      0.2
    ],
    [
      0,
      0,
      0,
      0,
      0,
      0,
      0,
      0
    ],
    [
      3.3021393361087821,
      -6.3977974020191022,
      3.0964785636026559,
      2.1363785512680051,
      -3.0288197328003439,
      1.6040201019588258,
      -0.87001587095205135,
      -0.8
    ],
    [
      -0.013217269357750007,
      0.0695968609294696,
      0.24289921777472823,
      -1.4403151621066028,
      0.24298422739410941,
      3.4485330702554329,
      3.1005914696765546,
      1
    ],
    [
      0,
      0,
      0,
      0,
      0,
      0,
      0,
      0
    ],
    [
      0.0020205167589628786,
      -0.012099844162378914,
      0.0738105178231175,
      -0.23796592306275891,
      0.19280902797470684,
      0.29363845636208696,
      -0.35140895521471271,
      -1.05
    ],
    [
      -13.939794594816703,
      25.09980727988841,
      -16.248632862920203,
      5.4560540208526618,
      0.47090660401508744,
      -3.5686094485693118,
      2.4309018037481009,
      10
    ],
    [
      0,
      0,
      0,
      0,
      0,
      0,
      0,
      0
    ],
    [
      1.0698915974602414,
      -1.9319427231089321,
      1.0108236827206838,
      -0.11324553064582688,
      0.11374350771737336,
      -0.13480895149284902,
      0.033706997878614565,
      -1
    ]
  ]
}