{
  "hover_time": {
    "seconds": 2
  },
  "waypoints": [
    [
      0,
      0.1,
      0.2,
      1,
      7.5,
      8
    ],
    [
      0,
      0,
      0,
      0,
      0,
      0
    ],
    [
      0,
      -0.5,
      -0.8,
      -1.05,
      -1,
      -1
    ]
  ],
  "waypoint_times": [
    0,
    0.375,
    0.575,
    1.0125,
    2.5125,
    3.0125
  ],
  "piecewise_polynomial_coefficients": [
    [
      -332.212168305836,
      491.8560282724643,
      -260.53589914015737,
      51.109499388203609,
      0,
      0,
      0,
      0
    ],
    [
      0,
      0,
      0,
      0,
      0,
      0,
      0,
      0
    ],
    [
      1548.7174104515475,
      -2292.9878121705333,
      1229.9914527078772,
      -245.74997898803804,
      0,
      0,
      0,
      0
    ],
    [
      -509.60319425066018,
      408.2997970554909,
      -143.64434413093409,
      31.333134884360103,
      -0.89684321684177992,
      -0.10446161234119637,
      0.43789059205081238,
      0.1
    ],
    [
      0,
      0,
      0,
      0,
      0,
      0,
      0,
      0
    ],
    [
      2357.4091618048224,
      -1892.5172851832597,
      629.46624768892866,
      -124.52748300691681,
      14.592140319412445,
      2.2894377126323611,
      -2.0977679426467426,
      -0.5
    ],
    [
      -2.7143692524367111,
      4.2160841749738651,
      -0.49282697375837792,
      -4.0611876484060376,
      3.5021156891139364,
      1.7604989632926522,
      0.69762370366760285,
      0.2
    ],
    [
      0,
      0,
      0,
      0,
      0,
      0,
      0,
      0
    ],
    [
      6.4453403508520619,
      -11.348488018306069,
      4.9599269921262854,
      3.1693774921932483,
      -4.0311995788133022,
      1.9368005206618375,
      -0.95759937703774523,
      -0.8
    ],
    [
      -0.063828157401744245,
      0.29495471531462369,
      -0.3972307233356116,
      -0.025822542950486138,
      -0.96770739578672971,
      2.6835931848392178,
      3.0706470519229137,
      1
    ],
    [
      0,
      0,
      0,
      0,
      0,
      0,
      0,
      0
    ],
    [
      0.0046187468919639957,
      -0.024321925002660394,
      0.13458263238462656,
      -0.38290785543196149,
      0.267002008274163,
      0.37210834003643617,
      -0.38251005552982209,
      -1.05
    ],
    [
      -91.123988361621741,
      135.48095391370589,
      -66.58440653442085,
      14.276399188628602,
      -1.460442284425713,
      -3.2067041200649822,
      2.5354706493086021,
      7.5
    ],
    [
      0,
      0,
      0,
      0,
      0,
      0,
      0,
      0
    ],
    [
      3.2854142373184914,
      -4.898362388618807,
      2.1199978737768106,
      -0.2076253693031731,
      0.17431838157684015,
      -0.16387521454173737,
      0.03355054311473718,
      -1
    ]
  ]
}