{
  "hover_time": {
    "seconds": 2
  },
  "waypoints": [
    [
      0,
      0.1,
      0.2,
      1,
      15,
      19
    ],
    [
      0,
      0,
      0,
      0,
      0,
      0
    ],
    [
      0,
      -0.5,
      -0.8,
      -1.1,
      -0.95,
      -0.8
    ]
  ],
  "waypoint_times": [
    0,
    0.48450000000000004,
    0.7429,
    1.30815,
    3.31075,
    4.66735
  ],
  "piecewise_polynomial_coefficients": [
    [
      -50.594472289424026,
      96.779547124548145,
      -66.641827915591946,
      17.138887128621029,
      0,
      0,
      0,
      0
    ],
    [
      0,
      0,
      0,
      0,
      0,
      0,
      0,
      0
    ],
    [
      259.191687146115,
      -495.80769980764273,
      343.4675426381408,
      -88.576218136138849,
      0,
      0,
      0,
      0
    ],
    [
      -77.985350503035875,
      80.628690548591464,
      -35.018956082584083,
      9.6603721907204125,
      -0.65880202090370044,
      -0.026656509490537595,
      0.35765201558172438,
      0.1
    ],
    [
      0,
      0,
      0,
      0,
      0,
      0,
      0,
      0
    ],
    [
      394.48222335738035,
      -409.17520798759466,
      176.19745887143475,
      -45.185971021340848,
      6.6935381587732161,
      1.3842288578640134,
      -1.6175826610586543,
      -0.5
    ],
    [
      -0.54078087818423182,
      1.0497837650906927,
      -0.965992480491078,
      0.098262197955201191,
      1.5974742716314729,
      0.79615821679078036,
      0.49279885861924888,
      0.2
    ],
    [
      0,
      0,
      0,
      0,
      0,
      0,
      0,
      0
    ],
    [
      1.0612747346129909,
      -2.4237636661755326,
      1.284811213310602,
      1.3692952393632505,
      -2.0015350300862202,
      1.0508556302475409,
      -0.75844189473074919,
      -0.8
    ],
    [
      -0.013722284946228416,
      0.084612105091676271,
      -0.089048414351974525,
      -0.54118007165981985,
      0.59288154936243243,
      2.901053890901411,
      2.741976592336774,
      1
    ],
    [
      0,
      0,
      0,
      0,
      0,
      0,
      0,
      0
    ],
    [
      6.8516895257329444E-6,
      -0.00061949707498643036,
      0.022628656936990857,
      -0.14093620366910914,
      0.2367073235912697,
      0.1767189179034237,
      -0.44082850340565838,
      -1.1
    ],
    [
      -0.73721249042144166,
      3.0057463265486604,
      -4.1278710600265072,
      2.7128543285413969,
      -1.4471043420043586,
      -2.5796012793233678,
      7.103691235317446,
      15
    ],
    [
      0,
      0,
      0,
      0,
      0,
      0,
      0,
      0
    ],
    [
      -0.017063102837180821,
      0.0693270118975331,
      -0.10702436863484621,
      0.11260772755379556,
      -0.080396518513268456,
      -0.11991756668675328,
      0.29037326998868773,
      -0.95
    ]
  ]
}