{
  "hover_time": {
    "seconds": 10
  },
  "waypoints": [
    [
      0,
      0.1,
      0.2,
      1,
      15,
      30,
      45,
      60,
      75,
      90,
      105,
      120,
      135,
      150,
      165,
      180,
      195,
      210,
      225,
      240,
      255,
      265
    ],
    [
      0,
      0,
      0,
      0,
      0,
      0,
      0,
      0,
      0,
      0,
      0,
      0,
      0,
      7.5,
      15,
      22.5,
      30,
      37.5,
      45,
      52.5,
      61,
      65
    ],
    [
      0,
      -0.5,
      -0.8,
      -1.1,
      -0.95,
      -1,
      -0.95,
      -1,
      -0.95,
      -1,
      -0.95,
      -1,
      -0.95,
      -1,
      -0.95,
      -1,
      -0.95,
      -1,
      -1,
      -0.95,
      -1.4,
      -1
    ]
  ],
  "waypoint_times": [
    0,
    0.60000000000000009,
    0.91999999999999993,
    1.62,
    4.1000000000000005,
    6.58,
    9.06,
    11.54,
    14.02,
    16.5,
    18.98,
    21.460000000000004,
    23.940000000000005,
    26.420000000000005,
    28.900000000000006,
    31.38000000000001,
    33.860000000000007,
    36.340000000000011,
    38.820000000000014,
    41.300000000000011,
    45.300000000000011,
    51.300000000000011
  ],
  "piecewise_polynomial_coefficients": [
    [
      -11.562994182663033,
      27.391759033198344,
      -23.324048978520118,
      7.4026078168874889,
      0,
      0,
      0,
      0
    ],
    [
      -0.00034577454472201443,
      0.0008191107648394001,
      -0.000647874950764501,
      0.00016853239677647183,
      0,
      0,
      0,
      0
    ],
    [
      58.0304697387903,
      -137.46929372743173,
      117.9322722764894,
      -37.66302377895493,
      0,
      0,
      0,
      0
    ],
    [
      -17.59954074349373,
      22.606553281169187,
      -12.338280924476017,
      4.2512451402527383,
      -0.3176601512851675,
      -0.022640329110350063,
      0.28538711413448103,
      0.1
    ],
    [
      -0.0005262887013885118,
      0.00067601613822901438,
      -0.000563956089545881,
      0.00022308603444271547,
      4.2253098758480753E-5,
      -7.6645903156099772E-6,
      -4.9738589469067741E-6,
      0
    ],
    [
      88.325705329532781,
      -113.45408341174647,
      60.503699152937628,
      -19.215463173394149,
      3.5237849585178109,
      0.9027056132022202,
      -1.3061266183914664,
      -0.5
    ],
    [
      -0.047684802607960319,
      0.13463173980902229,
      -0.14545599979491153,
      -0.145997920751709,
      0.84590510779563455,
      0.55692698297001153,
      0.40649853715919038,
      0.2
    ],
    [
      -1.4259447595896442E-6,
      4.02596662717937E-6,
      0.00010195142588619464,
      -0.00022040348520356841,
      1.9732802841771009E-7,
      5.440888862515281E-5,
      1.2428062062008622E-5,
      0
    ],
    [
      0.23931271217499003,
      -0.67566782385359136,
      0.44251419493976607,
      0.58445803687869413,
      -1.0538128984801691,
      0.68443602694246575,
      -0.6126205021499076,
      -0.8
    ],
    [
      -1.426774250816307E-5,
      0.00014069703778581667,
      0.026677590317471512,
      -0.21737536283511869,
      0.24723102706968986,
      1.7217538736957452,
      2.151242600415697,
      1
    ],
    [
      -4.2665607478828069E-10,
      4.2073401923161838E-9,
      -2.6081478232771079E-5,
      0.00014951584307069666,
      -0.00010173523942399405,
      -0.000234002888666865,
      -8.8224778142892462E-5,
      0
    ],
    [
      7.1604612834346774E-5,
      -0.00070610729259761224,
      0.0094552657715049962,
      -0.063492805536292579,
      0.12697226511176424,
      0.11878862783238432,
      -0.35467294558125334,
      -1.1
    ],
    [
      -1.4413351590407254E-6,
      1.421329096523838E-5,
      -0.013682840466072713,
      0.11918935208801545,
      -0.24432295770425244,
      -0.33966426328387683,
      7.0920326649619678,
      15
    ],
    [
      -4.3101019697131637E-11,
      4.2502770538463681E-10,
      4.1927192441176527E-5,
      -0.00017372216499604,
      -0.00022193469831629289,
      0.00054992134673122748,
      0.0010649376518513728,
      0
    ],
    [
      7.2335348232769146E-6,
      -7.1331321932974892E-5,
      -0.0028155266445641525,
      0.024832120120791178,
      -0.041943055372514054,
      -0.0969521398530075,
      0.21099538909118462,
      -0.95
    ],
    [
      -1.4560574479213895E-7,
      1.435845745408328E-6,
      0.0057472694707270894,
      -0.049895729186681025,
      0.098913629578833345,
      0.15912879289186452,
      5.5889432602778868,
      30
    ],
    [
      -4.354093249977305E-12,
      4.29365533061852E-11,
      -9.0830876193018093E-5,
      0.00034619242933489218,
      0.00063350406369554538,
      -0.0011167300671426452,
      -0.0029713884796585591,
      0
    ],
    [
      7.307354065658241E-7,
      -7.2059268156396635E-6,
      0.001674006336452345,
      -0.013001960917158889,
      0.019042012457689578,
      0.051680545636848027,
      -0.089620997385020856,
      -1
    ],
    [
      -1.4709994994604656E-8,
      1.4505660452325452E-7,
      -0.0024723530504914952,
      0.02142922083089447,
      -0.0423266996906005,
      -0.069067542980924393,
      6.2466535551537579,
      45
    ],
    [
      -4.3986886486951644E-13,
      4.3376239476032027E-12,
      0.00020819511686536997,
      -0.00078010867688579379,
      -0.0015187219131037653,
      0.0025174611766842787,
      0.0071209504783352837,
      0
    ],
    [
      7.3819267003465433E-8,
      -7.27946436023477E-7,
      -0.0010102524789039724,
      0.0074605811064591557,
      -0.0082101287710515444,
      -0.033763529188403196,
      0.038538014895255289,
      -0.95
    ],
    [
      -1.4873080509103748E-9,
      1.4664818846410132E-8,
      0.0010635445145432561,
      -0.0092220158500641979,
      0.018216344438793441,
      0.029757004410253491,
      5.9629830800671835,
      60
    ],
    [
      -4.4610358345462925E-14,
      4.3943143397611249E-13,
      -0.00048232994650958917,
      0.0018015109499047921,
      0.0035474332207431451,
      -0.0058137261802001378,
      -0.016633226949248858,
      0
    ],
    [
      7.457257651248709E-9,
      -7.3537498726592524E-8,
      0.000739817735433639,
      -0.00509636447779008,
      0.0035399338542402821,
      0.026105113953330629,
      -0.016596827429141481,
      -1
    ],
    [
      -1.5162987779784023E-10,
      1.4934746318890873E-9,
      -0.00045683654720928989,
      0.0039665367522674477,
      -0.0078513064615917671,
      -0.012800160044141673,
      6.085199458782153,
      75
    ],
    [
      -6.344724669777304E-15,
      5.8333429487034062E-14,
      0.0011193694927781833,
      -0.0041793803687902517,
      -0.00824679911133719,
      0.013489506666635783,
      0.038672331929623195,
      0
    ],
    [
      7.5333753304452754E-10,
      -7.42881103163364E-9,
      -0.00062151631675784545,
      0.0040743635313391577,
      -0.0015268119942854689,
      -0.022808553498323364,
      0.007159072989422313,
      -0.95
    ],
    [
      -1.6504259340596772E-11,
      1.6143267018858889E-10,
      0.00019409808476636146,
      -0.0016981752784655975,
      0.0033997179684318339,
      0.0054801524249391944,
      6.0324467061946665,
      90
    ],
    [
      -1.8711697372012582E-14,
      1.40999835861223E-13,
      -0.0025920732127854835,
      0.0097008013442801688,
      0.019139448923488327,
      -0.0313585056384604,
      -0.0898609754768917,
      0
    ],
    [
      7.6093223115127746E-11,
      -7.5038881184097721E-10,
      0.00057024407662341976,
      -0.0036327430615011023,
      0.00066386584735354673,
      0.021383192892113184,
      -0.0031126772903803911,
      -1
    ],
    [
      -2.5639938419453676E-12,
      2.3118045296700987E-11,
      -7.75333672699067E-5,
      0.00070864755241250015,
      -0.0015083447914640241,
      -0.0022868648573983784,
      6.0554593356668969,
      105
