{
  "hover_time": {
    "seconds": 15
  },
  "waypoints": [
    [
      0,
      0.1,
      0.8,
      1.8,
      2.5,
      3.3,
      4.9,
      8.1,
      12.1,
      16.1,
      20.1,
      24.1,
      28.1,
      32.1,
      36.1,
      40.1,
      44.1,
      48.1,
      52.1,
      56.1,
      60.1,
      64.1,
      68.1,
      72.1,
      72.9
    ],
    [
      0,
      0.045,
      0.4,
      0.6,
      0,
      -1,
      -3,
      -7,
      -12,
      -17,
      -22,
      -27,
      -32,
      -37,
      -42,
      -47,
      -52,
      -57,
      -62,
      -67,
      -72,
      -77,
      -82,
      -87,
      -88
    ],
    [
      0,
      -0.5,
      -1,
      -1,
      -1,
      -1,
      -1.2,
      -1.2,
      -1.2,
      -1.2,
      -1.2,
      -1.2,
      -1.2,
      -1.2,
      -1.2,
      -1.2,
      -1.2,
      -1.2,
      -1.2,
      -1.2,
      -1.2,
      -1.2,
      -1.2,
      -1.2,
      -1.2
    ]
  ],
  "waypoint_times": [
    0,
    2,
    4,
    6,
    8,
    10.5,
    13,
    15.1,
    17.1,
    19,
    20.8,
    22.5,
    24.1,
    25.6,
    27,
    28.4,
    29.7,
    31.099999999999998,
    32.599999999999994,
    34.199999999999996,
    35.9,
    37.699999999999996,
    39.599999999999994,
    41.599999999999994,
    44.099999999999994
  ],
  "piecewise_polynomial_coefficients": [
    [
      -0.00012983998658521302,
      0.0010325627984403649,
      -0.0045202810808473116,
      0.012199030860614895,
      0,
      0,
      0,
      0
    ],
    [
      0.00021835084193654812,
      -0.0017364524003408346,
      0.0040653344519328075,
      -0.00011916603799465471,
      0,
      0,
      0,
      0
    ],
    [
      0.010497042365548636,
      -0.083478562532427747,
      0.24266184871648183,
      -0.26663578622764245,
      0,
      0,
      0,
      0
    ],
    [
      -1.3116486886355317E-5,
      0.00010430993212271096,
      0.0001317452146879592,
      -0.0054991219742900211,
      0.0092806589137645109,
      0.091716854827395292,
      0.16883024438226504,
      0.1
    ],
    [
      2.2057888929619823E-5,
      -0.00017541716092484005,
      0.00078192816507741819,
      -0.0057201795427302155,
      0.0061041372032875647,
      0.052349960942311861,
      0.085835759260928388,
      0.045
    ],
    [
      0.0010604153928388124,
      -0.00843303991113263,
      0.02872046818844599,
      -0.063658625430549134,
      0.095161378356946408,
      0.032846489721179609,
      -0.44460628842632255,
      -0.5
    ],
    [
      -1.3248838001066697E-6,
      1.0536532936004472E-5,
      0.0007010955620276925,
      -0.0014031386236349475,
      -0.02009815180977096,
      0.042181602623867456,
      0.49578460549724263,
      0.8
    ],
    [
      2.2280466842350839E-6,
      -1.7719204303622005E-5,
      0.001203753228486744,
      -0.0025735311235902006,
      -0.024094500482847163,
      -0.01303248891855426,
      0.22419559665135214,
      0.4
    ],
    [
      0.00010711156390112652,
      -0.0008518365865326365,
      0.0026400683479275537,
      -0.0010870543074495247,
      -0.020742663341101183,
      0.062314769921188062,
      -0.054799914905840214,
      -1
    ],
    [
      -1.3235327332467451E-7,
      1.055412240494151E-6,
      -0.00093923390599184,
      0.0058884713316043648,
      -0.0023355279760366374,
      -0.05435654424881349,
      0.43594986966261506,
      1.8
    ],
    [
      2.2257762719024576E-7,
      -1.7748796982963722E-6,
      -0.0013906255032606011,
      0.0089920269846038,
      0.001880013122514507,
      -0.12581934216389665,
      -0.10552502480471387,
      0.6
    ],
    [
      1.0700246351297288E-5,
      -8.5325955709424008E-5,
      -0.0003612986870787496,
      0.0026238477354862382,
      -0.00014774194418992889,
      -0.0094868554962941158,
      0.0064002906949382861,
      -1
    ],
    [
      -4.9237151036017612E-9,
      4.8944226142041275E-8,
      0.0007632602911571227,
      -0.003475829313313767,
      0.007297634562503685,
      -0.0020207550878933926,
      0.303933071970585,
      2.5
    ],
    [
      8.2801831727957742E-9,
      -8.2309228809432367E-8,
      1.1763070245342233E-5,
      -0.0049613800611394247,
      0.018031871588395459,
      -0.010257055021325455,
      -0.40998847486877915,
      0
    ],
    [
      3.9806332312848441E-7,
      -3.9569524848559619E-6,
      0.00058687917769541264,
      -0.0032559352711641959,
      -0.0012689225002329662,
      0.010407479701742791,
      0.010150324817908608,
      -1
    ],
    [
      -5.01768007623183E-10,
      4.9774239445788543E-9,
      -0.0012287874693247972,
      0.0060669614787686316,
      0.020251673055624041,
      0.041645906169826823,
      0.3625151518179171,
      3.3
    ],
    [
      8.43804642586439E-10,
      -8.3703831288070574E-9,
      0.0012113139744956735,
      -0.0048177675512661583,
      -0.030861138203742013,
      -0.059263037894624268,
      -0.43099901421701858,
      -1
    ],
    [
      4.0563174144247712E-8,
      -4.0238375278943395E-7,
      -0.00064017389372342465,
      0.0039153584694963965,
      0.0021593529421815244,
      -0.031009326250928757,
      -0.052113931453947993,
      -1
    ],
    [
      -1.1038547441562241E-10,
      9.205349833091292E-10,
      0.0010814468369651428,
      -0.00929267405560382,
      0.00412294044452383,
      0.22904835490172995,
      1.0896531512261982,
      4.9
    ],
    [
      1.854506769503883E-10,
      -1.5468096005444298E-9,
      -0.0011681511239056142,
      0.010323307626234613,
      -0.0033331524160027143,
      -0.28212322314286736,
      -1.3704897187931846,
      -3
    ],
    [
      8.8899249109884986E-9,
      -7.4188542791052761E-8,
      0.0006627738043163741,
      -0.0041036164611138563,
      0.0012317818213360503,
      0.031832006994081646,
      -0.047163204216371261,
      -1.2
    ],
    [
      -1.4425996963836341E-11,
      1.1485171884720313E-10,
      0.00017282662750880149,
      0.0020625447889011869,
      -0.026243620748221206,
      0.10929168962920521,
      1.8671255166311265,
      8.1
    ],
    [
      2.4005341551364134E-11,
      -1.9102820952680843E-10,
      -0.00030931506692357356,
      -0.0019423246381497033,
      0.031867006813328089,
      -0.13815013134206883,
      -2.3306801218166369,
      -7
    ],
    [
      1.1183631920796402E-9,
      -8.8883073817713765E-9,
      -0.0004222199335972357,
      0.002853328013886664,
      -0.0040179616583716606,
      -0.00762399492407468,
      0.015248944158690153,
      -1.2
    ],
    [
      -7.9686932508322983E-13,
      7.3737090652142845E-12,
      -0.0006534728668979293,
      0.0037908141174875553,
      -0.0028301870390924329,
      0.015157188144227358,
      2.0691964052034852,
      12.1
    ],
    [
      1.7643589768443629E-12,
      -1.5003783155123629E-11,
      0.00086267895972511836,
      -0.0050354803896597205,
      0.003955789909552399,
      -0.018309116846867063,
      -2.5877761851227166,
      -12
    ],
    [
      1.4228260712364268E-10,
      -1.074228768221594E-9,
      0.00021151032062797571,
      -0.0013691082806860256,
      0.0019190692630242879,
      0.0029691311174770032,
      -0.00593487920978559,
      -1.2
    ],
    [
      -3.1630777099118934E-13,
      2.2460692160330975E-12,
      0.00053797375529508014,
      -0.0024171779091224531,
      0.0023896304071869194,
      0.036312452893314036,
      2.1575669527356682,
      16.1
    ],
    [
      4.9312019311659183E-13,
      -3.5345003833453514E-12,
      -0.00069506019963619077,
      0.003159969327509764,
      -0.0031711518591427666,
      -0.045658471770332477,
      -2.69645047368386,
      -17
    ],
    [
      1.8328822698953848E-11,
      -1.3109424350644765E-10,
      -0.00010444664033486018,
      0.00064021391779259,
      -0.00085071355983019513,
      -0.0012397025587754559,
      0.0023504898763616732,
      -1.2
    ],
    [
      -5.8273720050794342E-13,
