{
  "hover_time": {
    "seconds": 2.0
  },
  "waypoints": [
    [
      0,
      0.1,
      0.2,
      1,
      5
    ],
    [
      0,
      0,
      0,
      0,
      0
    ],
    [
      0,
      -0.75,
      -1.2,
      -1.55,
      -1
    ]
  ],
  "waypoint_times": [
    0,
    0.75,
    1.15,
    2.15,
    4.15
  ],
  "piecewise_polynomial_coefficients": [
    [
      -1.6979560931880451,
      5.0213714170004646,
      -5.5019335841264363,
      2.33430337556183,
      0,
      0,
      0,
      0
    ],
    [
      0,
      0,
      0,
      0,
      0,
      0,
      0,
      0
    ],
    [
      18.232000797348647,
      -53.989582629750913,
      57.901938296754054,
      -23.119309200082505,
      0,
      0,
      0,
      0
    ],
    [
      -4.1736043375664327,
      6.0466260066667754,
      -3.0749809773282459,
      0.95138374557419325,
      -0.38118215694417762,
      0.037299341405359114,
      0.26907799491018153,
      0.1
    ],
    [
      0,
      0,
      0,
      0,
      0,
      0,
      0,
      0
    ],
    [
      27.265184932580475,
      -43.977310869336158,
      29.491060621704055,
      -11.742326692484085,
      2.7085369604843277,
      0.86383724098949788,
      -1.5687135878518055,
      -0.75
    ],
    [
      -0.31219859640225911,
      0.95987594850648672,
      -1.3587367117266138,
      1.122485627402225,
      0.22119407432364735,
      -0.0503661668566472,
      0.21774582475315885,
      0.2
    ],
    [
      0,
      0,
      0,
      0,
      0,
      0,
      0,
      0
    ],
    [
      -0.023071554495298487,
      0.031719264617045988,
      -0.14082991220523566,
      0.57442293240123321,
      -0.75484096592126226,
      0.69154476075401461,
      -0.72894452515049624,
      -1.2
    ],
    [
      -0.14208744821474134,
      0.86821032126985487,
      -1.6340146302435832,
      0.82769590551307193,
      -0.60566243728291869,
      1.6027314064113807,
      2.0507201812097531,
      1
    ],
    [
      0,
      0,
      0,
      0,
      0,
      0,
      0,
      0
    ],
    [
      -0.029407919965316998,
      0.17935739766096748,
      -0.32654369683708229,
      0.10894586270867457,
      -0.038567473363401758,
      0.4565466601995935,
      0.011978973407663946,
      -1.55
    ]
  ]
}