{
  "hover_time": {
    "seconds": 2
  },
  "waypoints": [
    [
      0,
      0.1,
      0.2,
      1,
      15,
      17
    ],
    [
      0,
      0,
      0,
      0,
      0,
      0
    ],
    [
      0,
      -0.5,
      -0.8,
      -1.1,
      -1,
      -0.9
    ]
  ],
  "waypoint_times": [
    0,
    0.486,
    0.7452,
    1.3122,
    3.321,
    4.3578
  ],
  "piecewise_polynomial_coefficients": [
    [
      -47.355028594364441,
      90.864138151675334,
      -62.969688429520872,
      16.369948306382341,
      0,
      0,
      0,
      0
    ],
    [
      0,
      0,
      0,
      0,
      0,
      0,
      0,
      0
    ],
    [
      253.616620542644,
      -486.64518859119335,
      338.16679348982893,
      -87.480797557363317,
      0,
      0,
      0,
      0
    ],
    [
      -72.72421408628361,
      75.492624633765388,
      -32.109908839940346,
      8.7958221092472062,
      -0.76592890619091891,
      -0.0098289945879760574,
      0.36530293672455832,
      0.1
    ],
    [
      0,
      0,
      0,
      0,
      0,
      0,
      0,
      0
    ],
    [
      385.98179324817625,
      -401.60176247177253,
      173.46342664255371,
      -44.621184227540823,
      6.6331473566816435,
      1.3754886472056584,
      -1.6126990190355717,
      -0.5
    ],
    [
      -0.41513740549805789,
      0.82779734052453691,
      -1.2558297473485407,
      0.79854399399651177,
      1.5844866376411544,
      0.67310954648915222,
      0.46940421045848146,
      0.2
    ],
    [
      0,
      0,
      0,
      0,
      0,
      0,
      0,
      0
    ],
    [
      1.0332357910166263,
      -2.3699363436328915,
      1.2635497042717398,
      1.3451108537877925,
      -1.983021936098333,
      1.0458747932530075,
      -0.755826715263948,
      -0.8
    ],
    [
      -0.00910030526412775,
      0.05631737178181101,
      0.079690066600482723,
      -1.0860131620542948,
      0.874387479570885,
      3.3919482023057688,
      2.8886683871148984,
      1
    ],
    [
      0,
      0,
      0,
      0,
      0,
      0,
      0,
      0
    ],
    [
      -0.00020763311922467661,
      0.00071588966359402428,
      0.01883360465030523,
      -0.1332967949979979,
      0.22748018052581803,
      0.16801067055239327,
      -0.441601999966926,
      -1.1
    ],
    [
      -1.693969655416538,
      5.2558730878245115,
      -5.7275278763656843,
      3.2831694384186108,
      -0.69244157894846592,
      -3.6686054707332554,
      5.2434886050800591,
      15
    ],
    [
      0,
      0,
      0,
      0,
      0,
      0,
      0,
      0
    ],
    [
      -0.098956143791818718,
      0.30642377902398721,
      -0.330160603802355,
      0.19454331746052489,
      -0.085871584431060133,
      -0.12954455477094604,
      0.24356503369601437,
      -1
    ]
  ]
}