{
  "hover_time": {
    "seconds": 2
  },
  "waypoints": [
    [
      0,
      0.1,
      0.2,
      1,
      15,
      17
    ],
    [
      0,
      0,
      0,
      0,
      0,
      0
    ],
    [
      0,
      -0.5,
      -0.8,
      -1.1,
      -1,
      -0.9
    ]
  ],
  "waypoint_times": [
    0,
    0.498,
    0.7636,
    1.3446,
    3.403,
    4.4654
  ],
  "piecewise_polynomial_coefficients": [
    [
      -39.922211279053926,
      78.49356797736182,
      -55.739898938633218,
      14.848241208063156,
      0,
      0,
      0,
      0
    ],
    [
      0,
      0,
      0,
      0,
      0,
      0,
      0,
      0
    ],
    [
      213.80910559222508,
      -420.39156446296272,
      299.34057740318684,
      -79.34881399065651,
      0,
      0,
      0,
      0
    ],
    [
      -61.30946437735588,
      65.21478750579945,
      -28.423248039674675,
      7.9781857487767356,
      -0.71188401248640876,
      -0.0093610151580660623,
      0.356500456322072,
      0.1
    ],
    [
      0,
      0,
      0,
      0,
      0,
      0,
      0,
      0
    ],
    [
      325.39831890589159,
      -346.92625580670153,
      153.54743068113407,
      -40.4733169554969,
      6.1651042510815239,
      1.3099986956165293,
      -1.5738388017104024,
      -0.5
    ],
    [
      -0.34997768399036477,
      0.71509803801059313,
      -1.1116431572919794,
      0.7243134566324303,
      1.4726832950188764,
      0.64106136368060607,
      0.45809326562552083,
      0.2
    ],
    [
      0,
      0,
      0,
      0,
      0,
      0,
      0,
      0
    ],
    [
      0.87105971319510189,
      -2.0472847000722849,
      1.118476758786404,
      1.2200729053780077,
      -1.8430974484341904,
      0.996078461152464,
      -0.73761402332283721,
      -0.8
    ],
    [
      -0.0076719267111199085,
      0.048650122391230677,
      0.070540547076248128,
      -0.98506025101623917,
      0.81268961438981679,
      3.2304503056163565,
      2.819061919960999,
      1
    ],
    [
      0,
      0,
      0,
      0,
      0,
      0,
      0,
      0
    ],
    [
      -0.000175043147562318,
      0.00061842587269858584,
      0.016671246858147623,
      -0.12090587752422001,
      0.21142889687644142,
      0.16001132374514182,
      -0.43096098794120219,
      -1.1
    ],
    [
      -1.4280851782145874,
      4.54031964239357,
      -5.0699286069016125,
      2.977974688501547,
      -0.64358204185939938,
      -3.4939353306493892,
      5.1171394820869542,
      15
    ],
    [
      0,
      0,
      0,
      0,
      0,
      0,
      0,
      0
    ],
    [
      -0.083424045939139546,
      0.26470614510269996,
      -0.29225360898831809,
      0.17645908532627175,
      -0.079812378924995653,
      -0.12337666192313888,
      0.23769599674553679,
      -1
    ]
  ]
}