{
  "hover_time": {
    "seconds": 2
  },
  "waypoints": [
    [
      0,
      0.1,
      0.2,
      1,
      10,
      10.5
    ],
    [
      0,
      0,
      0,
      0,
      0,
      0
    ],
    [
      0,
      -0.5,
      -0.8,
      -1.05,
      -1,
      -1
    ]
  ],
  "waypoint_times": [
    0,
    0.39,
    0.598,
    1.053,
    2.665,
    3.237
  ],
  "piecewise_polynomial_coefficients": [
    [
      -236.06498011156188,
      363.48878694295263,
      -201.17005180629226,
      41.495379656357194,
      0,
      0,
      0,
      0
    ],
    [
      0,
      0,
      0,
      0,
      0,
      0,
      0,
      0
    ],
    [
      1176.6909694700507,
      -1811.8629153298482,
      1010.799507725103,
      -210.04041716255688,
      0,
      0,
      0,
      0
    ],
    [
      -360.68447351131476,
      300.84814152753233,
      -106.58507408739828,
      23.863058040663372,
      -1.1538707590683908,
      -0.0543250027541128,
      0.4388309690404823,
      0.1
    ],
    [
      0,
      0,
      0,
      0,
      0,
      0,
      0,
      0
    ],
    [
      1791.1014200868551,
      -1495.4079847190378,
      517.22971551219155,
      -106.40971204755394,
      12.97687157288432,
      2.1161824803987095,
      -2.0173089130391357,
      -0.5
    ],
    [
      -1.4423383444886637,
      2.4388883968934518,
      -1.9077984022173737,
      -0.71323871292140073,
      3.1041562443947033,
      1.3265023531773823,
      0.62623377547409931,
      0.2
    ],
    [
      0,
      0,
      0,
      0,
      0,
      0,
      0,
      0
    ],
    [
      4.8900220397646814,
      -8.9574946864066973,
      4.0988762657310644,
      2.6737179520812049,
      -3.5838635286310372,
      1.7944381688784001,
      -0.92020909427569353,
      -0.8
    ],
    [
      -0.019572989494108836,
      0.097441896571028253,
      0.32153099519938577,
      -1.8025815260003979,
      0.28751209610194878,
      3.8579188378731919,
      3.2794717467848056,
      1
    ],
    [
      0,
      0,
      0,
      0,
      0,
      0,
      0,
      0
    ],
    [
      0.0029921122329140057,
      -0.0169408756170408,
      0.097704593485143459,
      -0.29781883047659807,
      0.22814208327962052,
      0.32849716361799597,
      -0.37168254880074753,
      -1.05
    ],
    [
      -20.642951673355128,
      35.141999044852128,
      -21.508669975220982,
      6.8283542783660778,
      0.5572021946277963,
      -3.9922498454755928,
      2.571146138543182,
      10
    ],
    [
      0,
      0,
      0,
      0,
      0,
      0,
      0,
      0
    ],
    [
      1.5843648483515835,
      -2.7048944479602142,
      1.3380493730203398,
      -0.14172891338949967,
      0.13458747798331572,
      -0.15081252894819094,
      0.035651632377920232,
      -1
    ]
  ]
}