{
  "hover_time": {
    "seconds": 2
  },
  "waypoints": [
    [
      0,
      0.1,
      0.2,
      1,
      10,
      11.5
    ],
    [
      0,
      0,
      0,
      0,
      0,
      0
    ],
    [
      0,
      -0.5,
      -0.8,
      -1.1,
      -1,
      -0.9
    ]
  ],
  "waypoint_times": [
    0,
    0.384,
    0.5888,
    1.0368,
    2.624,
    3.6992
  ],
  "piecewise_polynomial_coefficients": [
    [
      -270.7210808204847,
      410.440100566643,
      -223.21484346231694,
      45.120836159927059,
      0,
      0,
      0,
      0
    ],
    [
      0,
      0,
      0,
      0,
      0,
      0,
      0,
      0
    ],
    [
      1319.3925563290481,
      -2000.3390950847254,
      1098.2780236307901,
      -224.48048052956355,
      0,
      0,
      0,
      0
    ],
    [
      -412.89822063008262,
      339.2562694667983,
      -120.16135580191495,
      26.667129262800813,
      -1.0528979991033196,
      -0.074107861182774348,
      0.43817803791784138,
      0.1
    ],
    [
      0,
      0,
      0,
      0,
      0,
      0,
      0,
      0
    ],
    [
      2008.1822568798634,
      -1650.8842057286163,
      563.43932965866065,
      -114.52159008772784,
      13.443542097526457,
      2.2037069321127576,
      -2.040889913703154,
      -0.5
    ],
    [
      -1.4035640441464741,
      2.4107022963342679,
      -0.97888299041672322,
      -2.0614991914648231,
      3.2540339557914972,
      1.4965941719234026,
      0.65477748816475412,
      0.2
    ],
    [
      0,
      0,
      0,
      0,
      0,
      0,
      0,
      0
    ],
    [
      5.4380269545435267,
      -9.82759889820925,
      4.1222378279680267,
      3.47378247798376,
      -4.0196024519197984,
      1.6721962403328259,
      -0.95704804026037338,
      -0.8
    ],
    [
      -0.012143151327856115,
      0.059742611461928573,
      0.18048095334666661,
      -1.1018896829455942,
      -0.048492609028018954,
      3.4320504164642416,
      3.1980135949083919,
      1
    ],
    [
      0,
      0,
      0,
      0,
      0,
      0,
      0,
      0
    ],
    [
      0.0015031729321136852,
      -0.0096653851429026466,
      0.090472687305669972,
      -0.38046337077715059,
      0.47279307293685285,
      0.28231548589062611,
      -0.5557218983459663,
      -1.1
    ],
    [
      -0.63717848974068758,
      2.0591761559781148,
      -2.6115411461803681,
      2.1442757640620993,
      -0.41717381937595244,
      -3.1190919285893224,
      4.08141954286529,
      10
    ],
    [
      0,
      0,
      0,
      0,
      0,
      0,
      0,
      0
    ],
    [
      -0.0076118123260909155,
      0.023623659491663732,
      -0.079847933238294769,
      0.18471132065249427,
      -0.10254825876919377,
      -0.20182310809697668,
      0.28349108613502572,
      -1
    ]
  ]
}