{
  "hover_time": {
    "seconds": 2
  },
  "waypoints": [
    [
      0,
      0.1,
      0.2,
      1,
      15,
      17
    ],
    [
      0,
      0,
      0,
      0,
      0,
      0
    ],
    [
      0,
      -0.5,
      -0.8,
      -1.1,
      -1,
      -0.9
    ]
  ],
  "waypoint_times": [
    0,
    0.495,
    0.759,
    1.3365,
    3.3825000000000003,
    4.4385
  ],
  "piecewise_polynomial_coefficients": [
    [
      -41.646987785133177,
      81.391477752319318,
      -57.449585038873508,
      15.211484152192543,
      0,
      0,
      0,
      0
    ],
    [
      0,
      0,
      0,
      0,
      0,
      0,
      0,
      0
    ],
    [
      223.04639255928248,
      -435.91203136088086,
      308.52212301066675,
      -81.289979708296727,
      0,
      0,
      0,
      0
    ],
    [
      -63.958243627747549,
      67.622457041654854,
      -29.295062191143359,
      8.1733617071730151,
      -0.72490596129662221,
      -0.0094748258492108658,
      0.3586610651482362,
      0.1
    ],
    [
      0,
      0,
      0,
      0,
      0,
      0,
      0,
      0
    ],
    [
      339.45664283440476,
      -359.73445167908125,
      158.25712543413891,
      -41.463444114867315,
      6.2778777788114342,
      1.3259255851807428,
      -1.5833772186896158,
      -0.5
    ],
    [
      -0.3650979210982328,
      0.7414987953855352,
      -1.1457401132398868,
      0.74203284515976886,
      1.4996219618623199,
      0.64885535125137017,
      0.460869588448902,
      0.2
    ],
    [
      0,
      0,
      0,
      0,
      0,
      0,
      0,
      0
    ],
    [
      0.90869247964085265,
      -2.1228685492280617,
      1.1527833146941795,
      1.2499204063252449,
      -1.8768118176094513,
      1.0081887263260361,
      -0.74208441134919545,
      -0.8
    ],
    [
      -0.0080033802772567636,
      0.050446239874720245,
      0.072704206986591358,
      -1.0091584710221073,
      0.82755552264083665,
      3.2697259365055853,
      2.8361471437152095,
      1
    ],
    [
      0,
      0,
      0,
      0,
      0,
      0,
      0,
      0
    ],
    [
      -0.00018260561232255352,
      0.00064125758487486306,
      0.017182596876187173,
      -0.12386368280844542,
      0.21529640359246985,
      0.16195673233562849,
      -0.43357287269669065,
      -1.1
    ],
    [
      -1.48978335813689,
      4.7079440364043421,
      -5.2254363623731024,
      3.0508269742554717,
      -0.6553545951317048,
      -3.5364143975349123,
      5.1481524486450283,
      15
    ],
    [
      0,
      0,
      0,
      0,
      0,
      0,
      0,
      0
    ],
    [
      -0.087028250949463981,
      0.27447885056983523,
      -0.30121777895369206,
      0.18077592769249051,
      -0.081272325601688927,
      -0.12487666833855356,
      0.23913657853799253,
      -1
    ]
  ]
}