{
  "hover_time": {
    "seconds": 2
  },
  "waypoints": [
    [
      0,
      0.1,
      0.2,
      1,
      15,
      17
    ],
    [
      0,
      0,
      0,
      0,
      0,
      0
    ],
    [
      0,
      -0.5,
      -0.8,
      -1.1,
      -1,
      -0.9
    ]
  ],
  "waypoint_times": [
    0,
    0.49350000000000005,
    0.75669999999999993,
    1.33245,
    3.37225,
    4.42505
  ],
  "piecewise_polynomial_coefficients": [
    [
      -42.54121495745013,
      82.887145825594033,
      -58.32800275356238,
      15.397271119164996,
      0,
      0,
      0,
      0
    ],
    [
      0,
      0,
      0,
      0,
      0,
      0,
      0,
      0
    ],
    [
      227.83555393135742,
      -443.92244875146275,
      313.23949909493308,
      -82.282822920528119,
      0,
      0,
      0,
      0
    ],
    [
      -65.331529033441655,
      68.865102521465928,
      -29.742990612849056,
      8.2731878697717711,
      -0.73153615779467007,
      -0.0095325111183095865,
      0.35975122036201257,
      0.1
    ],
    [
      0,
      0,
      0,
      0,
      0,
      0,
      0,
      0
    ],
    [
      346.74531776633989,
      -366.34501279181086,
      160.67691424784692,
      -41.9698619941143,
      6.3352970382847182,
      1.3339981728664188,
      -1.5881899154043138,
      -0.5
    ],
    [
      -0.37293715655107906,
      0.75512474679514341,
      -1.1632587523387796,
      0.7510957375770464,
      1.5133379316781321,
      0.65280575521975059,
      0.46227040786610879,
      0.2
    ],
    [
      0,
      0,
      0,
      0,
      0,
      0,
      0,
      0
    ],
    [
      0.92820355555585943,
      -2.1618788601459289,
      1.1704096450078998,
      1.2651864324647526,
      -1.8939776734260283,
      1.0143268474770677,
      -0.74433998706657856,
      -0.8
    ],
    [
      -0.00817522560315178,
      0.051373251314454166,
      0.073815871469321059,
      -1.0214839278797188,
      0.83512458129402856,
      3.2896328977830565,
      2.8447676517597147,
      1
    ],
    [
      0,
      0,
      0,
      0,
      0,
      0,
      0,
      0
    ],
    [
      -0.00018652644543079577,
      0.00065304147630735124,
      0.01744532284476321,
      -0.12537650417322424,
      0.21726556589237594,
      0.16294276798914772,
      -0.43489072337890955,
      -1.1
    ],
    [
      -1.521771380327209,
      4.7944582741027943,
      -5.305334518775453,
      3.0880885520726906,
      -0.66134865517905239,
      -3.5579450290938364,
      5.1638003284316181,
      15
    ],
    [
      0,
      0,
      0,
      0,
      0,
      0,
      0,
      0
    ],
    [
      -0.08889688612927138,
      0.27952273553916029,
      -0.30582346984546405,
      0.18298385235317838,
      -0.082015665453944286,
      -0.12563695071709977,
      0.23986343744237915,
      -1
    ]
  ]
}