{
  "hover_time": {
    "seconds": 2
  },
  "waypoints": [
    [
      0,
      0.1,
      0.2,
      1,
      15,
      17
    ],
    [
      0,
      0,
      0,
      0,
      0,
      0
    ],
    [
      0,
      -0.5,
      -0.8,
      -1.1,
      -1,
      -0.9
    ]
  ],
  "waypoint_times": [
    0,
    0.489,
    0.7498,
    1.3203,
    3.3415,
    4.3847
  ],
  "piecewise_polynomial_coefficients": [
    [
      -45.358425858197037,
      87.57032721414275,
      -61.0616583754795,
      15.971913464842897,
      0,
      0,
      0,
      0
    ],
    [
      0,
      0,
      0,
      0,
      0,
      0,
      0,
      0
    ],
    [
      242.92352936236583,
      -469.0043758607884,
      327.92007921565744,
      -85.353704377834447,
      0,
      0,
      0,
      0
    ],
    [
      -69.6579850482907,
      72.756028701000616,
      -31.136953879775376,
      8.5819519381454814,
      -0.7519183621724046,
      -0.0097087633607223483,
      0.3630618144163657,
      0.1
    ],
    [
      0,
      0,
      0,
      0,
      0,
      0,
      0,
      0
    ],
    [
      369.70786571776631,
      -387.04376079541191,
      168.20735123664326,
      -43.53622136578057,
      6.5118123308810505,
      1.3586632563010486,
      -1.6028051600289797,
      -0.5
    ],
    [
      -0.39763420898062485,
      0.797789820117675,
      -1.2177771429919062,
      0.7791274202773395,
      1.5555028509369708,
      0.66487586800431009,
      0.46652443001882243,
      0.2
    ],
    [
      0,
      0,
      0,
      0,
      0,
      0,
      0,
      0
    ],
    [
      0.98967206876565417,
      -2.2840265226260312,
      1.2252631788469572,
      1.3124045192820666,
      -1.946748052056072,
      1.0330813382434794,
      -0.75118974153682794,
      -0.8
    ],
    [
      -0.0087166143422184733,
      0.054275875754136838,
      0.077275396237419192,
      -1.0596067819346946,
      0.85839298665799024,
      3.3504568716361876,
      2.8709464951943748,
      1
    ],
    [
      0,
      0,
      0,
      0,
      0,
      0,
      0,
      0
    ],
    [
      -0.00019887880313960125,
      0.00068993876835018314,
      0.018262931949376421,
      -0.13005568717442362,
      0.22331906191483281,
      0.16595551344378032,
      -0.43889278527703141,
      -1.1
    ],
    [
      -1.6225477902876833,
      5.0653485009873975,
      -5.5539793690418264,
      3.2033392631154811,
      -0.67977528146020716,
      -3.6237299850436773,
      5.2113199633395224,
      15
    ],
    [
      0,
      0,
      0,
      0,
      0,
      0,
      0,
      0
    ],
    [
      -0.09478391301436595,
      0.29531596447492348,
      -0.32015648325508295,
      0.18981300208759677,
      -0.084300802052918872,
      -0.12795992683464985,
      0.24207076969588592,
      -1
    ]
  ]
}