{
  "hover_time": {
    "seconds": 2
  },
  "waypoints": [
    [
      0,
      0.1,
      0.2,
      1,
      15,
      19
    ],
    [
      0,
      0,
      0,
      0,
      0,
      0
    ],
    [
      0,
      -0.5,
      -0.8,
      -1.1,
      -0.95,
      -0.8
    ]
  ],
  "waypoint_times": [
    0,
    0.47850000000000004,
    0.73369999999999991,
    1.29195,
    3.26975,
    4.60955
  ],
  "piecewise_polynomial_coefficients": [
    [
      -55.205957329589893,
      104.29287056071874,
      -70.9261027988443,
      18.014822017988344,
      0,
      0,
      0,
      0
    ],
    [
      0,
      0,
      0,
      0,
      0,
      0,
      0,
      0
    ],
    [
      282.81597916353059,
      -534.29892777412033,
      365.54841004801796,
      -93.103174831281279,
      0,
      0,
      0,
      0
    ],
    [
      -85.0934052373754,
      86.888168409963612,
      -37.270257395278719,
      10.154094858596295,
      -0.68389659358059673,
      -0.027329202542460327,
      0.36213668035240926,
      0.1
    ],
    [
      0,
      0,
      0,
      0,
      0,
      0,
      0,
      0
    ],
    [
      430.43771010572215,
      -440.94086284440914,
      187.5248545033399,
      -47.495337338371527,
      6.9485031927375456,
      1.4191607051466337,
      -1.6378658292172072,
      -0.5
    ],
    [
      -0.59007090406716234,
      1.1312820247519753,
      -1.0280942761659375,
      0.10328418560771113,
      1.6583240153316803,
      0.81624974794707283,
      0.49897815465609813,
      0.2
    ],
    [
      0,
      0,
      0,
      0,
      0,
      0,
      0,
      0
    ],
    [
      1.1580057097427296,
      -2.6119286374302968,
      1.3674092572822398,
      1.4392772304019874,
      -2.0777759405380243,
      1.0773746036650198,
      -0.7679521379395936,
      -0.8
    ],
    [
      -0.014973016668584666,
      0.091180828831078586,
      -0.094773165474326015,
      -0.56883872325423346,
      0.61546513086363386,
      2.9742637295623018,
      2.7763587439634039,
      1
    ],
    [
      0,
      0,
      0,
      0,
      0,
      0,
      0,
      0
    ],
    [
      7.476194439164606E-6,
      -0.00066759073272332908,
      0.024083409763652738,
      -0.14813917648645783,
      0.24572379428334723,
      0.18117852602813594,
      -0.44635613352508263,
      -1.1
    ],
    [
      -0.8044064785046956,
      3.2390925754243938,
      -4.3932439469756446,
      2.8515029893614212,
      -1.5022263115993841,
      -2.6446990680890718,
      7.1927657335682076,
      15
    ],
    [
      0,
      0,
      0,
      0,
      0,
      0,
      0,
      0
    ],
    [
      -0.01861833684131442,
      0.074709102234709945,
      -0.11390475938866196,
      0.1183628875515641,
      -0.083458919978044277,
      -0.12294375855118675,
      0.29401431411865481,
      -0.95
    ]
  ]
}