{
  "hover_time": {
    "seconds": 2
  },
  "waypoints": [
    [
      0,
      0.1,
      0.2,
      1,
      15,
      16
    ],
    [
      0,
      0,
      0,
      0,
      0,
      0
    ],
    [
      0,
      -0.5,
      -0.8,
      -1.1,
      -0.975,
      -1
    ]
  ],
  "waypoint_times": [
    0,
    0.50250000000000006,
    0.7705,
    1.3567500000000001,
    3.4337500000000003,
    4.17075
  ],
  "piecewise_polynomial_coefficients": [
    [
      -36.1801539881857,
      71.778625946078677,
      -51.572180024818735,
      13.949561620906055,
      0,
      0,
      0,
      0
    ],
    [
      0,
      0,
      0,
      0,
      0,
      0,
      0,
      0
    ],
    [
      201.12922794364539,
      -399.03356031344356,
      286.65895123364442,
      -76.6497947541263,
      0,
      0,
      0,
      0
    ],
    [
      -55.651407819611507,
      59.706964454780461,
      -25.694773297551912,
      7.2029790734138794,
      -0.77149452521273187,
      0.00272896028076796,
      0.35979041371739873,
      0.1
    ],
    [
      0,
      0,
      0,
      0,
      0,
      0,
      0,
      0
    ],
    [
      306.19520556871322,
      -329.37647370581385,
      147.23681203881728,
      -39.184664548489053,
      5.9788834449528565,
      1.2900019997128078,
      -1.5579189040967012,
      -0.5
    ],
    [
      -0.34730893863993195,
      0.70795074625675625,
      -1.3624297136926362,
      1.195508180901909,
      1.4327848836244217,
      0.54499498103613964,
      0.43779752631838226,
      0.2
    ],
    [
      0,
      0,
      0,
      0,
      0,
      0,
      0,
      0
    ],
    [
      0.85151421568214136,
      -2.0008422909822126,
      1.0286395841992144,
      1.3053914049480322,
      -1.7931745467545641,
      0.95453597815954216,
      -0.73556738992395643,
      -0.8
    ],
    [
      -0.0081922282336074122,
      0.052404043919191005,
      0.12602799700328277,
      -1.2734022552358706,
      0.97072617899096558,
      3.5343780058456362,
      2.9084078535741313,
      1
    ],
    [
      0,
      0,
      0,
      0,
      0,
      0,
      0,
      0
    ],
    [
      0.0011560438622056583,
      -0.0078478114670942345,
      0.058275107956504646,
      -0.23219614724876264,
      0.26078209310051514,
      0.25840642453125034,
      -0.39500557793205321,
      -1.1
    ],
    [
      -8.7263304511348,
      19.140152662182118,
      -14.573861192176082,
      5.4766266100434677,
      -0.11710788045428491,
      -4.106232911226205,
      3.7907409418131826,
      15
    ],
    [
      0,
      0,
      0,
      0,
      0,
      0,
      0,
      0
    ],
    [
      0.96136856238652513,
      -2.1103373590334513,
      1.4036586139881706,
      -0.28756660874556417,
      0.19229917510261807,
      -0.1575993990368281,
      -0.016421221794509989,
      -0.975
    ]
  ]
}