{
  "hover_time": {
    "seconds": 2
  },
  "waypoints": [
    [
      0,
      0.1,
      0.2,
      1,
      10,
      10.5
    ],
    [
      0,
      0,
      0,
      0,
      0,
      0
    ],
    [
      0,
      -0.5,
      -0.8,
      -1.05,
      -1,
      -1
    ]
  ],
  "waypoint_times": [
    0,
    0.3975,
    0.60949999999999993,
    1.07325,
    2.71625,
    3.29925
  ],
  "piecewise_polynomial_coefficients": [
    [
      -206.59693926654191,
      324.2319903598958,
      -182.89452204668177,
      38.451177034773522,
      0,
      0,
      0,
      0
    ],
    [
      0,
      0,
      0,
      0,
      0,
      0,
      0,
      0
    ],
    [
      1029.8043896226143,
      -1616.181682628694,
      918.97223861710609,
      -194.63133803555169,
      0,
      0,
      0,
      0
    ],
    [
      -315.660155261058,
      268.35653598382726,
      -96.902227789282364,
      22.112405694025988,
      -1.0897818986406473,
      -0.0522943422713952,
      0.43055113943910867,
      0.1
    ],
    [
      0,
      0,
      0,
      0,
      0,
      0,
      0,
      0
    ],
    [
      1567.5178553648134,
      -1333.9038912845178,
      470.24137423502873,
      -98.603235115164,
      12.256103751386053,
      2.0370798956945038,
      -1.9792464807217025,
      -0.5
    ],
    [
      -1.2622909417058228,
      2.1754883898687822,
      -1.7344822088630716,
      -0.660913776589107,
      2.9317436624856157,
      1.276917893542749,
      0.61441804385702115,
      0.2
    ],
    [
      0,
      0,
      0,
      0,
      0,
      0,
      0,
      0
    ],
    [
      4.2795995643183051,
      -7.9900850708435049,
      3.7265090332476674,
      2.4775674588364027,
      -3.3848068071721706,
      1.7273623384151506,
      -0.90284665853246693,
      -0.8
    ],
    [
      -0.017129689098399514,
      0.086918169572089365,
      0.29232113438201179,
      -1.6703397332548016,
      0.27154295704608289,
      3.713710408568454,
      3.2175949213844386,
      1
    ],
    [
      0,
      0,
      0,
      0,
      0,
      0,
      0,
      0
    ],
    [
      0.0026186062334627933,
      -0.015111260675075233,
      0.088828504826289068,
      -0.275970112048875,
      0.21547050279757402,
      0.31621798875295543,
      -0.36466967052370586,
      -1.05
    ],
    [
      -18.066087694220187,
      31.346662405576353,
      -19.554689569029506,
      6.3274094923726807,
      0.5262537947403958,
      -3.8430201431311239,
      2.5226339472513422,
      10
    ],
    [
      0,
      0,
      0,
      0,
      0,
      0,
      0,
      0
    ],
    [
      1.3865882525933557,
      -2.4127657903418367,
      1.2164927047440415,
      -0.13133133319718127,
      0.12711215367566109,
      -0.14517517917011438,
      0.034978960069044253,
      -1
    ]
  ]
}