{
  "hover_time": {
    "seconds": 2
  },
  "waypoints": [
    [
      0,
      0.1,
      0.2,
      1,
      15,
      19
    ],
    [
      0,
      0,
      0,
      0,
      0,
      0
    ],
    [
      0,
      -0.5,
      -0.8,
      -1.1,
      -0.95,
      -0.8
    ]
  ],
  "waypoint_times": [
    0,
    0.477,
    0.73139999999999994,
    1.2879,
    3.2595,
    4.5950999999999995
  ],
  "piecewise_polynomial_coefficients": [
    [
      -56.43270747161332,
      106.27619563587665,
      -72.048328960941348,
      18.2424946707058,
      0,
      0,
      0,
      0
    ],
    [
      0,
      0,
      0,
      0,
      0,
      0,
      0,
      0
    ],
    [
      289.10052813670961,
      -544.45962672465987,
      371.33228894154428,
      -94.279819638157292,
      0,
      0,
      0,
      0
    ],
    [
      -86.98429443054232,
      88.540510351953856,
      -37.859964939379722,
      10.28242305922431,
      -0.69036875816777687,
      -0.02750135457269743,
      0.36327547494099638,
      0.1
    ],
    [
      0,
      0,
      0,
      0,
      0,
      0,
      0,
      0
    ],
    [
      440.00261122573,
      -449.32618261458686,
      190.49196094849722,
      -48.095586918151611,
      7.0142614632331872,
      1.4281002780241583,
      -1.6430163506870288,
      -0.5
    ],
    [
      -0.60318306812371958,
      1.1527954801812541,
      -1.0443612674009461,
      0.10458949869688938,
      1.6740178297752042,
      0.82139146596614176,
      0.50054726835572694,
      0.2
    ],
    [
      0,
      0,
      0,
      0,
      0,
      0,
      0,
      0
    ],
    [
      1.1837381427582816,
      -2.6615993698917508,
      1.3890450474302041,
      1.4574669233223223,
      -2.0974393054574891,
      1.0841611985322401,
      -0.77036708177230373,
      -0.8
    ],
    [
      -0.015305737111429005,
      0.092914803800885459,
      -0.096272711137913136,
      -0.57602774907504461,
      0.62128968362585368,
      2.9929992027421544,
      2.7850894318101882,
      1
    ],
    [
      0,
      0,
      0,
      0,
      0,
      0,
      0,
      0
    ],
    [
      7.6423252289474844E-6,
      -0.00068028622395861771,
      0.024464468790850014,
      -0.1500113703136336,
      0.24804924063725445,
      0.18231980529469369,
      -0.44775976914787813,
      -1.1
    ],
    [
      -0.82228146542423275,
      3.3006900127345205,
      -4.4627559198348763,
      2.8875404954290502,
      -1.5164428706078912,
      -2.6613585486438169,
      7.2153844937476759,
      15
    ],
    [
      0,
      0,
      0,
      0,
      0,
      0,
      0,
      0
    ],
    [
      -0.019032061165699776,
      0.076129836316493282,
      -0.11570701406039241,
      0.11985876645608329,
      -0.084248746809887143,
      -0.12371820549412949,
      0.29493888742449564,
      -0.95
    ]
  ]
}