{
  "hover_time": {
    "seconds": 2
  },
  "waypoints": [
    [
      0,
      0.1,
      0.2,
      1,
      15,
      17
    ],
    [
      0,
      0,
      0,
      0,
      0,
      0
    ],
    [
      0,
      -0.5,
      -0.8,
      -1.1,
      -1,
      -0.9
    ]
  ],
  "waypoint_times": [
    0,
    0.49650000000000005,
    0.7613,
    1.34055,
    3.3927500000000004,
    4.45195
  ],
  "piecewise_polynomial_coefficients": [
    [
      -40.774178349661859,
      79.927202055361988,
      -56.586994331331553,
      15.028490935486239,
      0,
      0,
      0,
      0
    ],
    [
      0,
      0,
      0,
      0,
      0,
      0,
      0,
      0
    ],
    [
      218.37193694363086,
      -428.06974355585004,
      303.88974287827455,
      -80.312066263198545,
      0,
      0,
      0,
      0
    ],
    [
      -62.617850050740117,
      66.405893382482049,
      -28.855204411514471,
      8.0750366732068155,
      -0.71835564605476754,
      -0.00941766264706341,
      0.35757749697392432,
      0.1
    ],
    [
      0,
      0,
      0,
      0,
      0,
      0,
      0,
      0
    ],
    [
      332.34254003726869,
      -353.26263898273135,
      155.88093556560619,
      -40.964641447482251,
      6.2211503123401428,
      1.3179260524502485,
      -1.5785936017137707,
      -0.5
    ],
    [
      -0.35744644715700957,
      0.72815884366968575,
      -1.1285371235550912,
      0.73310623677213793,
      1.4860712431115704,
      0.64494069745945215,
      0.45947723320251538,
      0.2
    ],
    [
      0,
      0,
      0,
      0,
      0,
      0,
      0,
      0
    ],
    [
      0.88964871733965012,
      -2.0846770240018504,
      1.1354745720062862,
      1.2348839401600575,
      -1.8598527774624254,
      1.0021061535801639,
      -0.73984246449446034,
      -0.8
    ],
    [
      -0.0078356508518889756,
      0.049538685438676011,
      0.071612571881619347,
      -0.99701835666197847,
      0.82007765670271615,
      3.2499991281857104,
      2.8275787233263228,
      1
    ],
    [
      0,
      0,
      0,
      0,
      0,
      0,
      0,
      0
    ],
    [
      -0.00017877868606988156,
      0.00062972101323398311,
      0.016924604636060235,
      -0.12237361035124281,
      0.21335096595504879,
      0.16097962006047342,
      -0.43226298484710018,
      -1.1
    ],
    [
      -1.4585614854868822,
      4.6232456373878676,
      -5.1469777857241752,
      3.0141257156248571,
      -0.64943275246901144,
      -3.515078612829182,
      5.1325991179716759,
      15
    ],
    [
      0,
      0,
      0,
      0,
      0,
      0,
      0,
      0
    ],
    [
      -0.085204371642651822,
      0.26954083092547165,
      -0.29669507154081032,
      0.17860120433895688,
      -0.080537941568085358,
      -0.12412326631278404,
      0.23841411152848416,
      -1
    ]
  ]
}