{
  "hover_time": {
    "seconds": 2
  },
  "waypoints": [
    [
      0,
      0.1,
      0.2,
      1,
      10,
      11.5
    ],
    [
      0,
      0,
      0,
      0,
      0,
      0
    ],
    [
      0,
      -0.5,
      -0.8,
      -1.1,
      -1,
      -0.9
    ]
  ],
  "waypoint_times": [
    0,
    0.3855,
    0.5911,
    1.04085,
    2.63425,
    3.71365
  ],
  "piecewise_polynomial_coefficients": [
    [
      -263.43287346639818,
      400.9505718555817,
      -218.90580632067645,
      44.422654564732845,
      0,
      0,
      0,
      0
    ],
    [
      0,
      0,
      0,
      0,
      0,
      0,
      0,
      0
    ],
    [
      1283.872579463683,
      -1954.09050670506,
      1077.0763834536451,
      -221.00696023946898,
      0,
      0,
      0,
      0
    ],
    [
      -401.78239643727147,
      331.4125373467246,
      -117.84170828745687,
      26.254492870091347,
      -1.0406551224964518,
      -0.073532268307712034,
      0.43647306501236055,
      0.1
    ],
    [
      0,
      0,
      0,
      0,
      0,
      0,
      0,
      0
    ],
    [
      1954.1190535114747,
      -1612.7151447438882,
      552.562449866307,
      -112.74952924676241,
      13.287223415497692,
      2.1865908265132394,
      -2.0329487078244473,
      -0.5
    ],
    [
      -1.3657780317669412,
      2.3549659302815811,
      -0.95998618723159723,
      -2.0296003907153568,
      3.2161967336061279,
      1.4849701834780167,
      0.65222971582753153,
      0.2
    ],
    [
      0,
      0,
      0,
      0,
      0,
      0,
      0,
      0
    ],
    [
      5.2916273062040888,
      -9.6003811150586333,
      4.0426603296521826,
      3.4200305757624849,
      -3.9728633605168455,
      1.6592083576343908,
      -0.95332411790219374,
      -0.8
    ],
    [
      -0.011816239940519767,
      0.058361339942356046,
      0.17699686992082778,
      -1.0848394870113842,
      -0.047928747167413056,
      3.4053938150785448,
      3.1855699622543736,
      1
    ],
    [
      0,
      0,
      0,
      0,
      0,
      0,
      0,
      0
    ],
    [
      0.0014627053154732028,
      -0.00944191780030034,
      0.08872616286899665,
      -0.37457623425026448,
      0.46729553452697892,
      0.28012275252146385,
      -0.55355955636375842,
      -1.1
    ],
    [
      -0.62002471312154572,
      2.011567232839873,
      -2.5611268118380366,
      2.1110961070983443,
      -0.41232300992303422,
      -3.0948660635669807,
      4.0655385329763805,
      10
    ],
    [
      0,
      0,
      0,
      0,
      0,
      0,
      0,
      0
    ],
    [
      -0.007406891192532245,
      0.023077471597361392,
      -0.07830651371726291,
      0.18185317229734196,
      -0.10135584917441588,
      -0.20025555593456287,
      0.28238800799305658,
      -1
    ]
  ]
}