{
  "hover_time": {
    "seconds": 2
  },
  "waypoints": [
    [
      0,
      0.1,
      0.2,
      1,
      15,
      16
    ],
    [
      0,
      0,
      0,
      0,
      0,
      0
    ],
    [
      0,
      -0.5,
      -0.8,
      -1.1,
      -1,
      -0.9
    ]
  ],
  "waypoint_times": [
    0,
    0.52499999999999991,
    0.80499999999999994,
    1.4174999999999998,
    3.5875,
    4.357499999999999
  ],
  "piecewise_polynomial_coefficients": [
    [
      -26.626111709520352,
      55.189405581984929,
      -41.428508998330948,
      11.707592841222873,
      0,
      0,
      0,
      0
    ],
    [
      0,
      0,
      0,
      0,
      0,
      0,
      0,
      0
    ],
    [
      147.64715540266354,
      -306.04342251618482,
      229.74574809295046,
      -64.209924000236711,
      0,
      0,
      0,
      0
    ],
    [
      -40.9556190206097,
      45.907703538242714,
      -20.640898777409042,
      6.0453187398302761,
      -0.67649273448140246,
      0.0025000617492071005,
      0.34437082455648155,
      0.1
    ],
    [
      0,
      0,
      0,
      0,
      0,
      0,
      0,
      0
    ],
    [
      224.654463336294,
      -252.51798403326219,
      117.78507272567072,
      -32.723741401266466,
      5.2690482132678813,
      1.1775965085305156,
      -1.4935364835584066,
      -0.5
    ],
    [
      -0.25559555640877374,
      0.5443316910149445,
      -1.0944550262787889,
      1.0033665144632873,
      1.2563518364139319,
      0.4992821367582721,
      0.419034775201062,
      0.2
    ],
    [
      0,
      0,
      0,
      0,
      0,
      0,
      0,
      0
    ],
    [
      0.5840910147696079,
      -1.4577786209148287,
      0.86046864326215688,
      0.95129425242334431,
      -1.5737160134414361,
      0.90418469057171091,
      -0.69808830659355314,
      -0.8
    ],
    [
      -0.0060289180557020778,
      0.04029260785797667,
      0.10123969970795152,
      -1.068741479915803,
      0.85119101404915132,
      3.2379230343064269,
      2.7837618026799151,
      1
    ],
    [
      0,
      0,
      0,
      0,
      0,
      0,
      0,
      0
    ],
    [
      -0.00083750382312317018,
      0.0052319495856238268,
      -0.0064428857428360242,
      -0.055060736859346565,
      0.16281512848885787,
      0.11081105570488899,
      -0.41986522289696171,
      -1.1
    ],
    [
      -6.4219806633309418,
      14.716548745211185,
      -11.707345681399602,
      4.59642504782687,
      -0.1026872224871665,
      -3.7618121506277644,
      3.628280615743519,
      15
    ],
    [
      0,
      0,
      0,
      0,
      0,
      0,
      0,
      0
    ],
    [
      -1.1006021510355311,
      2.520764834095985,
      -1.8781617764693692,
      0.60387719614679725,
      -0.19923784251813173,
      -0.14935327531256468,
      0.29461486823444061,
      -1
    ]
  ]
}