{
  "hover_time": {
    "seconds": 2
  },
  "waypoints": [
    [
      0,
      0.1,
      0.2,
      1,
      50
    ],
    [
      0,
      0,
      0,
      0,
      0
    ],
    [
      0,
      -0.5,
      -0.8,
      -1.1,
      -1.1
    ]
  ],
  "waypoint_times": [
    0,
    0.75,
    1.15,
    2.025,
    24.525
  ],
  "piecewise_polynomial_coefficients": [
    [
      -2.593023774904033,
      7.678325799800656,
      -8.1349757840384,
      3.192154863394626,
      0,
      0,
      0,
      0
    ],
    [
      0,
      0,
      0,
      0,
      0,
      0,
      0,
      0
    ],
    [
      12.124818892731557,
      -35.903384588462814,
      38.512208682609561,
      -15.383907564898228,
      0,
      0,
      0,
      0
    ],
    [
      -3.9449705171985094,
      6.3348525154950579,
      -4.4680079528448022,
      1.9528741904590774,
      -0.11261276645219437,
      -0.025922964314651947,
      0.21907399324143223,
      0.1
    ],
    [
      0,
      0,
      0,
      0,
      0,
      0,
      0,
      0
    ],
    [
      18.444548088319266,
      -29.619122420250328,
      19.706756285749282,
      -7.8131390377971153,
      1.8175404020713612,
      0.57466667408692673,
      -1.0473742518487403,
      -0.5
    ],
    [
      -0.010095332448314578,
      0.03613900674499082,
      0.018742448034993364,
      -0.264803715272804,
      0.43709085015430987,
      0.43843275489448008,
      0.34841541256895053,
      0.2
    ],
    [
      0,
      0,
      0,
      0,
      0,
      0,
      0,
      0
    ],
    [
      0.046563003415809642,
      -0.16726556412709997,
      0.15331262753756741,
      0.18821839533758683,
      -0.53883361199122581,
      0.45999831470290864,
      -0.48387710739700968,
      -0.8
    ],
    [
      1.86473141047672E-9,
      -1.2644437107531509E-7,
      -2.6023373777375606E-5,
      0.0023662287767610814,
      -0.069138511150136167,
      0.70393655215582329,
      1.544457920294686,
      1
    ],
    [
      0,
      0,
      0,
      0,
      0,
      0,
      0,
      0
    ],
    [
      -1.6708548020115209E-8,
      1.1494207512069244E-6,
      -2.0153418897972636E-5,
      -0.0001987187563350069,
      0.0079365901302147629,
      -0.0319226853067739,
      -0.33127299928911763,
      -1.1
    ]
  ]
}