{
  "hover_time": {
    "seconds": 2
  },
  "waypoints": [
    [
      0,
      0.1,
      0.2,
      1,
      9,
      9.5
    ],
    [
      0,
      0,
      0,
      0,
      0,
      0
    ],
    [
      0,
      -0.5,
      -0.8,
      -1.05,
      -1,
      -1
    ]
  ],
  "waypoint_times": [
    0,
    0.44999999999999996,
    0.69,
    1.2149999999999999,
    3.015,
    3.615
  ],
  "piecewise_polynomial_coefficients": [
    [
      -88.58200961057841,
      157.38028025370932,
      -100.34866092286741,
      23.798078934092096,
      0,
      0,
      0,
      0
    ],
    [
      0,
      0,
      0,
      0,
      0,
      0,
      0,
      0
    ],
    [
      432.21860599776903,
      -767.91697883576671,
      494.30597861025603,
      -118.51368585398893,
      0,
      0,
      0,
      0
    ],
    [
      -135.72358602610279,
      130.5307741272602,
      -53.908817468055418,
      13.98256734331278,
      -0.67849663083758438,
      -0.05075610229718848,
      0.37549147816565109,
      0.1
    ],
    [
      0,
      0,
      0,
      0,
      0,
      0,
      0,
      0
    ],
    [
      657.90963206491563,
      -633.80020962120443,
      252.96836728114636,
      -60.053763022940991,
      8.44452564726231,
      1.5898873004888807,
      -1.7481399521943826,
      -0.5
    ],
    [
      -0.66992868986245091,
      1.2625928867532914,
      -0.77061993871047618,
      -0.87391942016006163,
      2.02199762075844,
      1.0672900328306152,
      0.55484200031770925,
      0.2
    ],
    [
      0,
      0,
      0,
      0,
      0,
      0,
      0,
      0
    ],
    [
      1.7987762017604756,
      -3.8005856749272353,
      1.9932834165715891,
      1.5284420772029477,
      -2.3328701261032876,
      1.3450003614757862,
      -0.79799948089008377,
      -0.8
    ],
    [
      -0.014479082686637557,
      0.080321708439920647,
      0.02180836534392519,
      -0.68213235467767785,
      -0.0645183810397259,
      2.5692470367277638,
      2.75283223326747,
      1
    ],
    [
      0,
      0,
      0,
      0,
      0,
      0,
      0,
      0
    ],
    [
      0.0012890074888764376,
      -0.0081453634615702847,
      0.054085741504081131,
      -0.18465849500887752,
      0.15451505095986792,
      0.25840856950936891,
      -0.31875837956636477,
      -1.05
    ],
    [
      -20.642308558549303,
      36.828727807347605,
      -22.311954973647516,
      6.2820201118770456,
      -0.22040286953731494,
      -2.8655982071249029,
      2.2660359848692182,
      9
    ],
    [
      0,
      0,
      0,
      0,
      0,
      0,
      0,
      0
    ],
    [
      0.91689881626859915,
      -1.6404516510231133,
      0.85197959673382684,
      -0.10012797475832258,
      0.10087869300374804,
      -0.11380223229880189,
      0.027958785920760582,
      -1
    ]
  ]
}