{
  "hover_time": {
    "seconds": 2
  },
  "waypoints": [
    [
      0,
      0.1,
      0.2,
      1,
      15.275,
      19
    ],
    [
      0,
      0,
      0,
      0,
      0,
      0
    ],
    [
      0,
      -0.5,
      -0.8,
      -1.1,
      -0.935,
      -0.8
    ]
  ],
  "waypoint_times": [
    0,
    0.47250000000000003,
    0.72449999999999992,
    1.27575,
    3.220875,
    4.543875
  ],
  "piecewise_polynomial_coefficients": [
    [
      -59.312099472885812,
      110.64548023504415,
      -74.393016017346113,
      18.711439676191397,
      0,
      0,
      0,
      0
    ],
    [
      0,
      0,
      0,
      0,
      0,
      0,
      0,
      0
    ],
    [
      308.9873794080678,
      -576.42253209679484,
      389.41751737351939,
      -97.935911168465552,
      0,
      0,
      0,
      0
    ],
    [
      -91.241763896212149,
      92.044299383488465,
      -38.656655761865423,
      10.3634187990334,
      -0.75673634768953524,
      -0.021358365735237337,
      0.37013674809790892,
      0.1
    ],
    [
      0,
      0,
      0,
      0,
      0,
      0,
      0,
      0
    ],
    [
      470.28111949839524,
      -475.71272939302833,
      199.79417794426797,
      -49.971366354353535,
      7.214055448364217,
      1.45579465724347,
      -1.6584790072970319,
      -0.5
    ],
    [
      -0.57254775197811192,
      1.0966631653872732,
      -1.1984357593011667,
      0.39795203904320009,
      1.7223218983609281,
      0.78969540576015707,
      0.49679974374361513,
      0.2
    ],
    [
      0,
      0,
      0,
      0,
      0,
      0,
      0,
      0
    ],
    [
      1.2690041419557612,
      -2.8243206827104386,
      1.4509417399284223,
      1.5295072976714941,
      -2.1579309536026328,
      1.1023306396115411,
      -0.77816723580156666,
      -0.8
    ],
    [
      -0.013790907989758752,
      0.082612345328565873,
      -0.026606866170319154,
      -0.81684148197397966,
      0.78168815107619827,
      3.2630040422418682,
      2.8733615614401153,
      1
    ],
    [
      0,
      0,
      0,
      0,
      0,
      0,
      0,
      0
    ],
    [
      0.00016158343703559855,
      -0.001648001233971623,
      0.029872723881306705,
      -0.16788364568627545,
      0.2628922918873266,
      0.19735158160349436,
      -0.44866937921232858,
      -1.1
    ],
    [
      -0.72688553087928653,
      2.8904333778639284,
      -3.9440127377652061,
      2.7285147421003728,
      -1.3304401706973079,
      -3.0019347391009394,
      7.0628510404175335,
      15.275
    ],
    [
      0,
      0,
      0,
      0,
      0,
      0,
      0,
      0
    ],
    [
      -0.012236941578687599,
      0.048378052084180112,
      -0.08202448643166349,
      0.10997155083793864,
      -0.0746975219073034,
      -0.14064036118535303,
      0.28502110025680966,
      -0.935
    ]
  ]
}