{
  "hover_time": {
    "seconds": 2
  },
  "waypoints": [
    [
      0,
      0.1,
      0.2,
      1,
      10,
      11.5
    ],
    [
      0,
      0,
      0,
      0,
      0,
      0
    ],
    [
      0,
      -0.5,
      -0.8,
      -1.1,
      -1,
      -0.9
    ]
  ],
  "waypoint_times": [
    0,
    0.375,
    0.575,
    1.0125,
    2.5625,
    3.6125
  ],
  "piecewise_polynomial_coefficients": [
    [
      -319.61103956474824,
      473.2052182914465,
      -251.31757145778764,
      49.61088401243984,
      0,
      0,
      0,
      0
    ],
    [
      0,
      0,
      0,
      0,
      0,
      0,
      0,
      0
    ],
    [
      1557.663796434249,
      -2306.233959221343,
      1236.5511244890465,
      -246.81889855026276,
      0,
      0,
      0,
      0
    ],
    [
      -487.46417914214692,
      391.13584841432316,
      -135.28965924760743,
      29.320818698083094,
      -1.1305406180275286,
      -0.077707724630389108,
      0.44869431083119915,
      0.1
    ],
    [
      0,
      0,
      0,
      0,
      0,
      0,
      0,
      0
    ],
    [
      2370.8431447157845,
      -1903.3399019615158,
      634.376288658895,
      -125.91781992015561,
      14.4348934128409,
      2.3107541999999586,
      -2.0898712716407384,
      -0.5
    ],
    [
      -1.6570359328020539,
      2.779350491270129,
      -1.10212425096036,
      -2.2666423364975543,
      3.493992355727507,
      1.5692927303930058,
      0.67049214787336286,
      0.2
    ],
    [
      0,
      0,
      0,
      0,
      0,
      0,
      0,
      0
    ],
    [
      6.4200890453477664,
      -11.330450090796059,
      4.6412271747984066,
      3.8194642311071196,
      -4.3160152694775062,
      1.7534248449930572,
      -0.98001719320708658,
      -0.8
    ],
    [
      -0.014336102699116568,
      0.068878541450552139,
      0.2032034886634696,
      -1.2115405190401329,
      -0.052068542403261878,
      3.5987656974734117,
      3.2747659211919693,
      1
    ],
    [
      0,
      0,
      0,
      0,
      0,
      0,
      0,
      0
    ],
    [
      0.0017746333655973816,
      -0.011143430365440219,
      0.10186319018159672,
      -0.41832390012894644,
      0.50765769658653093,
      0.29602924290607224,
      -0.56905922393595054,
      -1.1
    ],
    [
      -0.75224758589628138,
      2.3740684720228025,
      -2.9403339332164151,
      2.3576561357342207,
      -0.44793697772667118,
      -3.2706049381136579,
      4.1793736118919353,
      10
    ],
    [
      0,
      0,
      0,
      0,
      0,
      0,
      0,
      0
    ],
    [
      -0.0089864418352519626,
      0.027236224999615904,
      -0.08990078056217779,
      0.2030922448518809,
      -0.11011035442309061,
      -0.21162686741805695,
      0.29029487221410522,
      -1
    ]
  ]
}