{
  "hover_time": {
    "seconds": 2
  },
  "waypoints": [
    [
      0,
      0.1,
      0.2,
      1,
      140
    ],
    [
      0,
      0,
      0,
      0,
      0
    ],
    [
      0,
      -0.5,
      -0.8,
      -1.1,
      -1.1
    ]
  ],
  "waypoint_times": [
    0,
    0.89999999999999991,
    1.38,
    2.4299999999999997,
    56.43
  ],
  "piecewise_polynomial_coefficients": [
    [
      -0.719237083356964,
      2.5557264568043512,
      -3.2506042637630368,
      1.5321450314183063,
      0,
      0,
      0,
      0
    ],
    [
      0,
      0,
      0,
      0,
      0,
      0,
      0,
      0
    ],
    [
      3.3830424394166481,
      -12.021225004400245,
      15.473932310087484,
      -7.4176637152286382,
      0,
      0,
      0,
      0
    ],
    [
      -1.0930195676364214,
      2.1068107107069469,
      -1.7787161476420077,
      0.93198969323933067,
      -0.067881446834862552,
      -0.017246717880057123,
      0.18328859349740173,
      0.1
    ],
    [
      0,
      0,
      0,
      0,
      0,
      0,
      0,
      0
    ],
    [
      5.1469046069639477,
      -9.9179005640933777,
      7.9172971202017628,
      -3.7663036202426383,
      1.0522968302740563,
      0.39894233479542174,
      -0.8729391681323887,
      -0.5
    ],
    [
      -0.0023883563510613583,
      0.010706511603678567,
      0.0072966593193403081,
      -0.11945112121687863,
      0.25253406598328165,
      0.29898092330030879,
      0.28850255646062561,
      0.2
    ],
    [
      0,
      0,
      0,
      0,
      0,
      0,
      0,
      0
    ],
    [
      0.013176762314303385,
      -0.056597635849391488,
      0.062610915742287859,
      0.088873829316377,
      -0.31169397120425468,
      0.32040617603428889,
      -0.40290829598221245,
      -0.8
    ],
    [
      3.3956699976338351E-10,
      -5.69108742106195E-8,
      1.3332533560269765E-6,
      0.00028579974213882185,
      -0.022439636745612682,
      0.51995697460677159,
      1.3024289354807281,
      1
    ],
    [
      0,
      0,
      0,
      0,
      0,
      0,
      0,
      0
    ],
    [
      -1.0962159364791836E-10,
      1.8017238401068749E-8,
      -7.2793819540318293E-7,
      -2.2918929124561034E-5,
      0.0020599871530564426,
      -0.027489105923172975,
      -0.2787333349533534,
      -1.1
    ]
  ]
}