{
  "hover_time": {
    "seconds": 2
  },
  "waypoints": [
    [
      0,
      0.1,
      0.2,
      1,
      180,
      220
    ],
    [
      0,
      0,
      0,
      0,
      0,
      0
    ],
    [
      0,
      -0.5,
      -0.8,
      -1.1,
      -20,
      -1
    ]
  ],
  "waypoint_times": [
    0,
    1.4249999999999998,
    2.1849999999999996,
    3.8474999999999997,
    79.8475,
    146.3475
  ],
  "piecewise_polynomial_coefficients": [
    [
      -0.02881236791450572,
      0.16210349935154095,
      -0.32646224171988314,
      0.24366152254105397,
      0,
      0,
      0,
      0
    ],
    [
      0,
      0,
      0,
      0,
      0,
      0,
      0,
      0
    ],
    [
      0.13559583502999856,
      -0.76288646406888683,
      1.5548498402141866,
      -1.180148353834348,
      0,
      0,
      0,
      0
    ],
    [
      -0.043844071790653749,
      0.13376205627364551,
      -0.17868095723255062,
      0.14815972506631228,
      -0.017178129080302279,
      -0.0068471415976682033,
      0.11581119499889291,
      0.1
    ],
    [
      0,
      0,
      0,
      0,
      0,
      0,
      0,
      0
    ],
    [
      0.20631029703745529,
      -0.62944484671804779,
      0.79551329098196466,
      -0.59913643119375359,
      0.26517379622400072,
      0.15910588926836206,
      -0.55137437420830082,
      -0.5
    ],
    [
      -0.00011542057302041267,
      0.00077946479701969775,
      0.0005323306811021453,
      -0.018715807376029851,
      0.063576100568894872,
      0.11901924911040331,
      0.18208526072976777,
      0.2
    ],
    [
      0,
      0,
      0,
      0,
      0,
      0,
      0,
      0
    ],
    [
      0.00053392868523281778,
      -0.0036212162300810011,
      0.0063619817708256915,
      0.013963842106860897,
      -0.078503652419055048,
      0.12802037544418352,
      -0.25435577576058788,
      -0.8
    ],
    [
      -2.3696969566789391E-12,
      5.6791259207703285E-10,
      -2.1821139976203331E-7,
      5.2726547420710734E-5,
      -0.0053983136148568244,
      0.20872725528561209,
      0.823653084852082,
      1
    ],
    [
      0,
      0,
      0,
      0,
      0,
      0,
      0,
      0
    ],
    [
      -2.2720949689379817E-13,
      1.4975137572980269E-11,
      -3.0194586847849666E-9,
      4.120140810413841E-8,
      0.00016292699148006095,
      -0.012161843945417658,
      -0.17698767822297046,
      -1.1
    ],
    [
      -3.681070950864816E-11,
      7.3897481861040981E-9,
      -4.2841241551374055E-7,
      1.6247791343184607E-6,
      0.00024562766843769403,
      0.0053323399245036058,
      0.634195163181496,
      180
    ],
    [
      0,
      0,
      0,
      0,
      0,
      0,
      0,
      0
    ],
    [
      -1.3294998428494232E-11,
      2.6615742732971135E-9,
      -1.6377303991443E-7,
      3.0863691918066959E-6,
      -0.00013278430711318113,
      0.0085547304392921651,
      0.28761437859288541,
      -20
    ]
  ]
}