{
  "hover_time": {
    "seconds": 2
  },
  "waypoints": [
    [
      0,
      0.1,
      0.2,
      1,
      10,
      10.5
    ],
    [
      0,
      0,
      0,
      0,
      0,
      0
    ],
    [
      0,
      -0.5,
      -0.8,
      -1.05,
      -1,
      -1
    ]
  ],
  "waypoint_times": [
    0,
    0.405,
    0.621,
    1.0935,
    2.7675,
    3.3615
  ],
  "piecewise_polynomial_coefficients": [
    [
      -181.25861265855315,
      289.83345970381356,
      -166.57554651798614,
      35.681087108167631,
      0,
      0,
      0,
      0
    ],
    [
      0,
      0,
      0,
      0,
      0,
      0,
      0,
      0
    ],
    [
      903.50280906618275,
      -1444.7171855693832,
      836.97587641752557,
      -180.60975663053253,
      0,
      0,
      0,
      0
    ],
    [
      -276.94564116835659,
      239.88596304002613,
      -88.256014301365155,
      20.519389382541611,
      -1.030352713880047,
      -0.050375448375702563,
      0.42257797018959187,
      0.1
    ],
    [
      0,
      0,
      0,
      0,
      0,
      0,
      0,
      0
    ],
    [
      1375.2677691494157,
      -1192.3869057483917,
      428.2835430791846,
      -91.4996859079133,
      11.587740424805514,
      1.9623310792355626,
      -1.9425937681167116,
      -0.5
    ],
    [
      -1.1074757647351792,
      1.9446857220196279,
      -1.5797210164597066,
      -0.613300396679458,
      2.771866593420095,
      1.2300625387671391,
      0.60303993193743721,
      0.2
    ],
    [
      0,
      0,
      0,
      0,
      0,
      0,
      0,
      0
    ],
    [
      3.7547229970345439,
      -7.1423982396359307,
      3.3940069446181926,
      2.2990791748333881,
      -3.2002228004433952,
      1.6639783294145039,
      -0.88612727596960172,
      -0.8
    ],
    [
      -0.015028798062710472,
      0.077696817527565576,
      0.2662384427015051,
      -1.5500055426660702,
      0.25673487801960482,
      3.577439141818985,
      3.1580098302328343,
      1
    ],
    [
      0,
      0,
      0,
      0,
      0,
      0,
      0,
      0
    ],
    [
      0.0022974441663092208,
      -0.013508071661997773,
      0.080902678602217143,
      -0.25608874331665837,
      0.20372022835566728,
      0.30461465379233638,
      -0.35791652846943112,
      -1.05
    ],
    [
      -15.85035094538398,
      28.021021630785981,
      -17.809899747653617,
      5.8715718656271747,
      0.49755554409744063,
      -3.7020039719284608,
      2.4759185037911191,
      10
    ],
    [
      0,
      0,
      0,
      0,
      0,
      0,
      0,
      0
    ],
    [
      1.2165284920191652,
      -2.15678982098666,
      1.1079497344219362,
      -0.12186999468957538,
      0.12018033393636551,
      -0.1398481064008783,
      0.0343312015470609,
      -1
    ]
  ]
}