{
  "hover_time": {
    "seconds": 2
  },
  "waypoints": [
    [
      0,
      0.1,
      0.2,
      1,
      15,
      17
    ],
    [
      0,
      0,
      0,
      0,
      0,
      0
    ],
    [
      0,
      -0.5,
      -0.8,
      -1.1,
      -1,
      -0.9
    ]
  ],
  "waypoint_times": [
    0,
    0.48750000000000004,
    0.74749999999999994,
    1.31625,
    3.3312500000000003,
    4.37125
  ],
  "piecewise_polynomial_coefficients": [
    [
      -46.344440964676295,
      89.199497338865072,
      -62.00686730501215,
      16.169400004185345,
      0,
      0,
      0,
      0
    ],
    [
      0,
      0,
      0,
      0,
      0,
      0,
      0,
      0
    ],
    [
      248.20427412144642,
      -477.72979623650474,
      332.99614487182748,
      -86.409069956380876,
      0,
      0,
      0,
      0
    ],
    [
      -71.172231301691056,
      74.109591646888646,
      -31.618940909167762,
      8.688064459832745,
      -0.75888052528922945,
      -0.0097686015252874,
      0.36417892769047283,
      0.1
    ],
    [
      0,
      0,
      0,
      0,
      0,
      0,
      0,
      0
    ],
    [
      377.7446866319226,
      -394.24437498736307,
      170.81113070811907,
      -44.074529928888381,
      6.5721065086603332,
      1.3670371240681713,
      -1.6077368682137372,
      -0.5
    ],
    [
      -0.40627809926329661,
      0.81263200511398814,
      -1.2366278205152845,
      0.78876102870612752,
      1.5699055640915411,
      0.66897370653205424,
      0.46795988980973563,
      0.2
    ],
    [
      0,
      0,
      0,
      0,
      0,
      0,
      0,
      0
    ],
    [
      1.011185856551196,
      -2.326518855675781,
      1.2442297379070562,
      1.3286318947318492,
      -1.9647733828367611,
      1.0394485424327553,
      -0.75350109459914616,
      -0.8
    ],
    [
      -0.0089060987422875521,
      0.05528563152609639,
      0.078471586856748266,
      -1.0727084102962037,
      0.86634101967195565,
      3.3711067880285239,
      2.879780176696292,
      1
    ],
    [
      0,
      0,
      0,
      0,
      0,
      0,
      0,
      0
    ],
    [
      -0.00020320209018716978,
      0.00070277448142023677,
      0.018545634487816348,
      -0.1316637754495637,
      0.22538681784112485,
      0.16697834935992917,
      -0.44024322458474424,
      -1.1
    ],
    [
      -1.6578192230480226,
      5.1595849277287016,
      -5.6399526510397209,
      3.2429473182473316,
      -0.68606945761814009,
      -3.6460641694981817,
      5.2273547939859917,
      15
    ],
    [
      0,
      0,
      0,
      0,
      0,
      0,
      0,
      0
    ],
    [
      -0.096844354200923632,
      0.30081006220589757,
      -0.32511237150068695,
      0.19215996639821142,
      -0.0850813600919261,
      -0.12874858396738281,
      0.24281560282522816,
      -1
    ]
  ]
}