{
  "hover_time": {
    "seconds": 2
  },
  "waypoints": [
    [
      0,
      0.1,
      0.2,
      1,
      15,
      17
    ],
    [
      0,
      0,
      0,
      0,
      0,
      0
    ],
    [
      0,
      -0.5,
      -0.8,
      -1.1,
      -1,
      -0.9
    ]
  ],
  "waypoint_times": [
    0,
    0.49950000000000006,
    0.7659,
    1.34865,
    3.41325,
    4.47885
  ],
  "piecewise_polynomial_coefficients": [
    [
      -39.090528321210712,
      77.089844893994254,
      -54.907975086330815,
      14.67068576025822,
      0,
      0,
      0,
      0
    ],
    [
      0,
      0,
      0,
      0,
      0,
      0,
      0,
      0
    ],
    [
      209.35490870167177,
      -412.87358103659449,
      294.87288781109521,
      -78.399959913764135,
      0,
      0,
      0,
      0
    ],
    [
      -60.032229622740147,
      64.048532701081143,
      -27.99902808261762,
      7.88278250831657,
      -0.70548988300982707,
      -0.00930487727546883,
      0.35542988437663031,
      0.1
    ],
    [
      0,
      0,
      0,
      0,
      0,
      0,
      0,
      0
    ],
    [
      318.6194300406591,
      -340.72207372288477,
      151.25571915867539,
      -39.989336545517176,
      6.109729395362355,
      1.302142649224542,
      -1.5691125590489492,
      -0.5
    ],
    [
      -0.34268674344479955,
      0.702309734301819,
      -1.0950517668112658,
      0.71565210790023381,
      1.4594556800047249,
      0.63721692641096572,
      0.4567176101810918,
      0.2
    ],
    [
      0,
      0,
      0,
      0,
      0,
      0,
      0,
      0
    ],
    [
      0.85291328558809543,
      -2.0106725182666305,
      1.1017833758792621,
      1.2054832582925397,
      -1.8265427798998188,
      0.99010499052403422,
      -0.73539896621963829,
      -0.8
    ],
    [
      -0.0075121006225354406,
      0.047780098214454364,
      0.069487722043694244,
      -0.97328088865833029,
      0.80539005092005889,
      3.2110773339417911,
      2.8105962685344856,
      1
    ],
    [
      0,
      0,
      0,
      0,
      0,
      0,
      0,
      0
    ],
    [
      -0.00017139654605087453,
      0.00060736638537461224,
      0.016422426739822693,
      -0.11946008354026684,
      0.20952984624398477,
      0.15905173779905496,
      -0.4296668107617026,
      -1.1
    ],
    [
      -1.3983344684968131,
      4.4591237971394548,
      -4.994259387361808,
      2.9423640300703369,
      -0.63780139942999214,
      -3.4729822424514314,
      5.1017726968859947,
      15
    ],
    [
      0,
      0,
      0,
      0,
      0,
      0,
      0,
      0
    ],
    [
      -0.081686107240535932,
      0.25997232899388223,
      -0.28789169329553488,
      0.17434898551367795,
      -0.079095505584074577,
      -0.122636773542644,
      0.23698219494033071,
      -1
    ]
  ]
}