{
  "hover_time": {
    "seconds": 2
  },
  "waypoints": [
    [
      0,
      0.1,
      0.2,
      1,
      15,
      17
    ],
    [
      0,
      0,
      0,
      0,
      0,
      0
    ],
    [
      0,
      -0.5,
      -0.8,
      -1.1,
      -1,
      -0.9
    ]
  ],
  "waypoint_times": [
    0,
    0.501,
    0.7682,
    1.3527,
    3.4235,
    4.4923
  ],
  "piecewise_polynomial_coefficients": [
    [
      -38.278587789713093,
      75.715321722745159,
      -54.09090670882685,
      14.495776409001335,
      0,
      0,
      0,
      0
    ],
    [
      0,
      0,
      0,
      0,
      0,
      0,
      0,
      0
    ],
    [
      205.00644518904625,
      -405.51198489487962,
      290.48497672986559,
      -77.465246542725481,
      0,
      0,
      0,
      0
    ],
    [
      -58.785313789173415,
      62.9065380676966,
      -27.582383329382402,
      7.7888010562168235,
      -0.69917210093898208,
      -0.0092492428517318426,
      0.35436572304557257,
      0.1
    ],
    [
      0,
      0,
      0,
      0,
      0,
      0,
      0,
      0
    ],
    [
      312.00145794349226,
      -334.64694957512688,
      149.00493021246007,
      -39.512568862493964,
      6.0550157275454044,
      1.2943570603759647,
      -1.564414617257567,
      -0.5
    ],
    [
      -0.33556887529279855,
      0.68978745095798288,
      -1.0787566456696922,
      0.70711983869274087,
      1.4463860055845932,
      0.63340696827714649,
      0.45535019218603212,
      0.2
    ],
    [
      0,
      0,
      0,
      0,
      0,
      0,
      0,
      0
    ],
    [
      0.8351976174690825,
      -1.9748219365649806,
      1.0853880846346977,
      1.1911110395692845,
      -1.8101857780368065,
      0.98418509356768469,
      -0.7331971728968405,
      -0.8
    ],
    [
      -0.0073560684866477433,
      0.046928172154192649,
      0.0684536968905029,
      -0.961677073163993,
      0.798177645712874,
      3.1918781104011589,
      2.802181309646905,
      1
    ],
    [
      0,
      0,
      0,
      0,
      0,
      0,
      0,
      0
    ],
    [
      -0.0001678365065250504,
      0.00059653695051478661,
      0.016178049762525654,
      -0.11803583619051232,
      0.20765347080957511,
      0.1581007579160458,
      -0.42838038320467353,
      -1.1
    ],
    [
      -1.3692899795914002,
      4.3796169716060831,
      -4.9199413805805534,
      2.9072840776235012,
      -0.63208977944190681,
      -3.4522170738538014,
      5.086497928319381,
      15
    ],
    [
      0,
      0,
      0,
      0,
      0,
      0,
      0,
      0
    ],
    [
      -0.079989423523901593,
      0.25533698432702323,
      -0.28360766699525897,
      0.17227033220899202,
      -0.078387191834215567,
      -0.12190352094443942,
      0.23627266741816397,
      -1
    ]
  ]
}