{
  "hover_time": {
    "seconds": 2
  },
  "waypoints": [
    [
      0,
      0.1,
      0.2,
      1,
      15,
      17
    ],
    [
      0,
      0,
      0,
      0,
      0,
      0
    ],
    [
      0,
      -0.5,
      -0.8,
      -1.1,
      -1,
      -0.9
    ]
  ],
  "waypoint_times": [
    0,
    0.492,
    0.7544,
    1.3284,
    3.362,
    4.4116
  ],
  "piecewise_polynomial_coefficients": [
    [
      -43.457452954477141,
      84.414977811392532,
      -59.2225873187605,
      15.585903177019674,
      0,
      0,
      0,
      0
    ],
    [
      0,
      0,
      0,
      0,
      0,
      0,
      0,
      0
    ],
    [
      232.74259740673051,
      -452.10512784652161,
      318.04369617766258,
      -83.290870260291413,
      0,
      0,
      0,
      0
    ],
    [
      -66.738616926996656,
      70.134470694667442,
      -30.199162926826759,
      8.3745427415166329,
      -0.73824745693578464,
      -0.0095907247890014424,
      0.36084802285721573,
      0.1
    ],
    [
      0,
      0,
      0,
      0,
      0,
      0,
      0,
      0
    ],
    [
      354.213398651277,
      -373.09773204297227,
      163.14123806753156,
      -42.484035013909676,
      6.3934186684205487,
      1.3421447076543551,
      -1.5930319578123777,
      -0.5
    ],
    [
      -0.38096934699643015,
      0.76904371495243673,
      -1.1810998095053575,
      0.76029741550628183,
      1.5272216796285552,
      0.65679234601910985,
      0.46367976887520068,
      0.2
    ],
    [
      0,
      0,
      0,
      0,
      0,
      0,
      0,
      0
    ],
    [
      0.94819488363731,
      -2.2017280759646614,
      1.1883603793183908,
      1.2806862376592032,
      -1.9113535069586451,
      1.0205211954195228,
      -0.74660931632295613,
      -0.8
    ],
    [
      -0.0083513007822465235,
      0.0523201978205739,
      0.074947995686861779,
      -1.0339981334950741,
      0.84278622725315655,
      3.3097222122800969,
      2.853440723850587,
      1
    ],
    [
      0,
      0,
      0,
      0,
      0,
      0,
      0,
      0
    ],
    [
      -0.00019054378764964824,
      0.00066507877839868182,
      0.017712884146448823,
      -0.12691249241070895,
      0.21925881550101725,
      0.16393783605914913,
      -0.43621660968688147,
      -1.1
    ],
    [
      -1.5545467663905868,
      4.8828329732345992,
      -5.3867031585105,
      3.1259207414560706,
      -0.6674160361471384,
      -3.57967288712136,
      5.1795436221090014,
      15
    ],
    [
      0,
      0,
      0,
      0,
      0,
      0,
      0,
      0
    ],
    [
      -0.0908115165948935,
      0.28467508794784635,
      -0.31051392641521147,
      0.18522558864196981,
      -0.082768098093445736,
      -0.12640419746173856,
      0.24059472839546725,
      -1
    ]
  ]
}