{
  "hover_time": {
    "seconds": 2
  },
  "waypoints": [
    [
      0,
      0.1,
      0.2,
      1,
      10,
      11.5
    ],
    [
      0,
      0,
      0,
      0,
      0,
      0
    ],
    [
      0,
      -0.5,
      -0.8,
      -1.1,
      -1,
      -0.9
    ]
  ],
  "waypoint_times": [
    0,
    0.3675,
    0.5635,
    0.99225,
    2.51125,
    3.54025
  ],
  "piecewise_polynomial_coefficients": [
    [
      -368.16223842750179,
      534.1867001441874,
      -278.03052252335891,
      53.786422996175318,
      0,
      0,
      0,
      0
    ],
    [
      0,
      0,
      0,
      0,
      0,
      0,
      0,
      0
    ],
    [
      1794.2840485045201,
      -2603.4360163902443,
      1367.9861430923768,
      -267.59260483200103,
      0,
      0,
      0,
      0
    ],
    [
      -561.51346830356135,
      441.541132864175,
      -149.66981589464029,
      31.788628411665627,
      -1.2011795870641371,
      -0.080911833232335778,
      0.45785133758265595,
      0.1
    ],
    [
      0,
      0,
      0,
      0,
      0,
      0,
      0,
      0
    ],
    [
      2730.9911457574517,
      -2148.6214060890834,
      701.80517020442971,
      -136.51579204277959,
      15.336821193205598,
      2.406033111223572,
      -2.1325217057562091,
      -0.5
    ],
    [
      -1.9087515147133867,
      3.137522590134862,
      -1.2192708132916319,
      -2.4574160691018205,
      3.712305625059023,
      1.6339990945407052,
      0.68417566109554029,
      0.2
    ],
    [
      0,
      0,
      0,
      0,
      0,
      0,
      0,
      0
    ],
    [
      7.3953464073518314,
      -12.790593826358148,
      5.1345507145197722,
      4.1409324358883906,
      -4.5856905600018667,
      1.8257234954167416,
      -1.0000175440879513,
      -0.8
    ],
    [
      -0.016513859055686093,
      0.077754850001067258,
      0.22480231606983234,
      -1.3135107775654409,
      -0.055321913469200019,
      3.7471529544495907,
      3.3415978787642344,
      1
    ],
    [
      0,
      0,
      0,
      0,
      0,
      0,
      0,
      0
    ],
    [
      0.00204421284553743,
      -0.012579473066887014,
      0.11269039340160396,
      -0.45353245946916049,
      0.53937740289633074,
      0.30823536329697154,
      -0.580672677486705,
      -1.1
    ],
    [
      -0.86651936509767147,
      2.6800122948684511,
      -3.2528667817773567,
      2.5560901146124451,
      -0.47592518609977308,
      -3.4054612017153989,
      4.2646669509196213,
      10
    ],
    [
      0,
      0,
      0,
      0,
      0,
      0,
      0,
      0
    ],
    [
      -0.010351546511168045,
      0.03074612999598909,
      -0.099456479901017567,
      0.22018566301033574,
      -0.11699032123360933,
      -0.22035283987672924,
      0.29621925736111759,
      -1
    ]
  ]
}