{
  "hover_time": {
    "seconds": 2
  },
  "waypoints": [
    [
      0,
      0.1,
      0.2,
      1,
      15,
      17
    ],
    [
      0,
      0,
      0,
      0,
      0,
      0
    ],
    [
      0,
      -0.5,
      -0.8,
      -1.1,
      -1,
      -0.9
    ]
  ],
  "waypoint_times": [
    0,
    0.49050000000000005,
    0.7521,
    1.32435,
    3.35175,
    4.39815
  ],
  "piecewise_polynomial_coefficients": [
    [
      -44.39631314931156,
      85.975766611202786,
      -60.133686924439431,
      15.777432766919016,
      0,
      0,
      0,
      0
    ],
    [
      0,
      0,
      0,
      0,
      0,
      0,
      0,
      0
    ],
    [
      237.7707973062009,
      -460.4643152683941,
      322.936584173311,
      -84.314401977592169,
      0,
      0,
      0,
      0
    ],
    [
      -68.180446266752369,
      71.4312203856075,
      -30.66375670333467,
      8.47745450249032,
      -0.74504110291237824,
      -0.009649473343683922,
      0.36195153363767407,
      0.1
    ],
    [
      0,
      0,
      0,
      0,
      0,
      0,
      0,
      0
    ],
    [
      361.865868791905,
      -379.99611404613125,
      165.65105611386048,
      -43.006106128347554,
      6.4522534425725393,
      1.3503660955121126,
      -1.5979036151953361,
      -0.5
    ],
    [
      -0.38919985588789352,
      0.78326293066663588,
      -1.1992702334872263,
      0.76964043778581637,
      1.5412757794429652,
      0.66081556687198173,
      0.46509774980700169,
      0.2
    ],
    [
      0,
      0,
      0,
      0,
      0,
      0,
      0,
      0
    ],
    [
      0.96867980251764552,
      -2.2424368748709083,
      1.2066425009337522,
      1.2964241344642702,
      -1.9289425406406311,
      1.0267724593028851,
      -0.74889252520530092,
      -0.8
    ],
    [
      -0.0085317233174695348,
      0.053287570913419208,
      0.0761010201261279,
      -1.0467045667780244,
      0.850541880258569,
      3.3299961141278382,
      2.8621668422878308,
      1
    ],
    [
      0,
      0,
      0,
      0,
      0,
      0,
      0,
      0
    ],
    [
      -0.00019466031924854268,
      0.00067737573748830049,
      0.017985384943955483,
      -0.12847207470307109,
      0.22127652218728555,
      0.16494204704976023,
      -0.4375506054910927,
      -1.1
    ],
    [
      -1.5881313872404235,
      4.9731140017283906,
      -5.4695739573696756,
      3.1643340634787478,
      -0.673557863177976,
      -3.6016003879945444,
      5.19538320505998,
      15
    ],
    [
      0,
      0,
      0,
      0,
      0,
      0,
      0,
      0
    ],
    [
      -0.092773419830574966,
      0.28993858143109463,
      -0.31529097394900418,
      0.18750175967542404,
      -0.083529762946687083,
      -0.12717849398666209,
      0.24133049210743882,
      -1
    ]
  ]
}