{
  "hover_time": {
    "seconds": 2
  },
  "waypoints": [
    [
      0,
      0.1,
      0.2,
      1,
      10,
      11.5
    ],
    [
      0,
      0,
      0,
      0,
      0,
      0
    ],
    [
      0,
      -0.5,
      -0.8,
      -1.1,
      -1,
      -0.9
    ]
  ],
  "waypoint_times": [
    0,
    0.3375,
    0.5175,
    0.91125,
    2.30625,
    3.2512499999999998
  ],
  "piecewise_polynomial_coefficients": [
    [
      -668.22728635309352,
      890.4191025583068,
      -425.60851403747756,
      75.614820929578329,
      0,
      0,
      0,
      0
    ],
    [
      0,
      0,
      0,
      0,
      0,
      0,
      0,
      0
    ],
    [
      3256.6880454693951,
      -4339.58606730958,
      2094.1101872664194,
      -376.19097477347543,
      0,
      0,
      0,
      0
    ],
    [
      -1019.1665038740324,
      735.9911045309284,
      -229.11422596613676,
      44.689557541231956,
      -1.5508101757671211,
      -0.0959354625283387,
      0.49854923425767983,
      0.1
    ],
    [
      0,
      0,
      0,
      0,
      0,
      0,
      0,
      0
    ],
    [
      4956.8440548321869,
      -3581.4698194622024,
      1074.3218153724902,
      -191.91864034764521,
      19.800951183869174,
      2.8527829630319532,
      -2.3220791907116425,
      -0.5
    ],
    [
      -3.4644505039590667,
      5.2298383016916832,
      -1.866457103215944,
      -3.4547208275355747,
      4.7928564546448538,
      1.937398432590522,
      0.74499127541611965,
      0.2
    ],
    [
      0,
      0,
      0,
      0,
      0,
      0,
      0,
      0
    ],
    [
      13.422811322551096,
      -21.320240797451397,
      7.859958973439606,
      5.8214665916279964,
      -5.9204599027840956,
      2.1647220307876478,
      -1.0889079924613958,
      -0.8
    ],
    [
      -0.029973229385126747,
      0.12960712748957914,
      0.34412689238617605,
      -1.8465790565848048,
      -0.0714246124627993,
      4.44292061422921,
      3.6386288013375232,
      1
    ],
    [
      0,
      0,
      0,
      0,
      0,
      0,
      0,
      0
    ],
    [
      0.0037103175142119233,
      -0.020968330185724145,
      0.17250620699926386,
      -0.6375916782567983,
      0.69637544109410288,
      0.36546820112304396,
      -0.6322880265821812,
      -1.1
    ],
    [
      -1.5727628297256544,
      4.4672286707223989,
      -4.9794813344067208,
      3.5934402311774853,
      -0.61445401607913652,
      -4.0377838741860668,
      4.64374845764688,
      10
    ],
    [
      0,
      0,
      0,
      0,
      0,
      0,
      0,
      0
    ],
    [
      -0.018788417485116376,
      0.051249762457609142,
      -0.15224776129650658,
      0.30954464997233633,
      -0.15104301018210725,
      -0.26126773754420213,
      0.32254985801168284,
      -1
    ]
  ]
}