{
  "hover_time": {
    "seconds": 2
  },
  "waypoints": [
    [
      0,
      0.1,
      0.2,
      1,
      220,
      240,
      260
    ],
    [
      0,
      0,
      0,
      0,
      0,
      0,
      0
    ],
    [
      0,
      -0.5,
      -0.8,
      -1.2,
      -16,
      -18,
      -1
    ]
  ],
  "waypoint_times": [
    0,
    1.4249999999999998,
    2.1849999999999996,
    3.8474999999999997,
    79.8475,
    146.3475,
    222.3475
  ],
  "piecewise_polynomial_coefficients": [
    [
      -0.02878538856745241,
      0.16195175004399648,
      -0.32617717959299453,
      0.24348538641320039,
      0,
      0,
      0,
      0
    ],
    [
      0,
      0,
      0,
      0,
      0,
      0,
      0,
      0
    ],
    [
      0.136815579613211,
      -0.7697489516654703,
      1.5677692117679796,
      -1.1881528219007995,
      0,
      0,
      0,
      0
    ],
    [
      -0.04379772189207301,
      0.13362479429547997,
      -0.17842709346259494,
      0.14792408185994782,
      -0.017282053250817005,
      -0.0068013130218569449,
      0.11588101061732584,
      0.1
    ],
    [
      0,
      0,
      0,
      0,
      0,
      0,
      0,
      0
    ],
    [
      0.2081679431764602,
      -0.63511104999723922,
      0.804840202121845,
      -0.60951883448674937,
      0.260774794994421,
      0.16147502990531423,
      -0.54810938068238768,
      -0.5
    ],
    [
      -0.00011351360695553833,
      0.00076958965331469552,
      0.00052310603119406184,
      -0.018511993905911295,
      0.063558260619644563,
      0.11868577758564956,
      0.1819080641385353,
      0.2
    ],
    [
      0,
      0,
      0,
      0,
      0,
      0,
      0,
      0
    ],
    [
      0.00053934094629882231,
      -0.0036568884421356337,
      0.0060325975336691338,
      0.017330553076941257,
      -0.088648174827109266,
      0.10685713595557474,
      -0.26389878209153134,
      -0.8
    ],
    [
      -1.5683854868444187E-13,
      4.5256407278247229E-11,
      -1.1949722846336983E-7,
      3.9124651338148767E-5,
      -0.0047134113661531918,
      0.21063788633888841,
      0.82514226625449294,
      1
    ],
    [
      0,
      0,
      0,
      0,
      0,
      0,
      0,
      0
    ],
    [
      5.1955569009002386E-13,
      -1.6174914763481923E-10,
      6.8500020111825532E-8,
      -1.5701337779766191E-5,
      0.0014719717623701688,
      -0.045868564777234722,
      -0.29363336824624847,
      -1.2
    ],
    [
      -5.3919895311023885E-13,
      1.0968096711535625E-10,
      6.7743725263343929E-9,
      -4.4001875048623374E-6,
      0.00049251562315937871,
      -0.018383389139959832,
      0.41073595736563773,
      220
    ],
    [
      0,
      0,
      0,
      0,
      0,
      0,
      0,
      0
    ],
    [
      -1.1400339471880433E-12,
      2.2188588789700112E-10,
      -3.5602998336896519E-8,
      4.4293517308367977E-6,
      -0.00015808084455209612,
      -0.006986190369134458,
      0.33729230634741375,
      -16
    ],
    [
      -2.8458124570955938E-12,
      6.5543068171515756E-10,
      -5.0972941479762016E-8,
      2.0234841364627216E-6,
      -0.00010232149436392931,
      0.00049173139056609262,
      0.51562926462277914,
      240
    ],
    [
      0,
      0,
      0,
      0,
      0,
      0,
      0,
      0
    ],
    [
      -6.8680919006980451E-12,
      1.5811663441438465E-9,
      -1.0836043780724958E-7,
      1.4023961709602681E-6,
      -2.960391282874395E-5,
      0.0082559652911740142,
      0.081138214379032389,
      -18
    ]
  ]
}