{
  "hover_time": {
    "seconds": 2.0
  },
  "waypoints": [
    [
      0,
      0.1,
      0.2,
      1,
      7.5,
      8
    ],
    [
      0,
      0,
      0,
      0,
      0,
      0
    ],
    [
      0,
      -0.5,
      -0.8,
      -1.05,
      -1,
      -1
    ]
  ],
  "waypoint_times": [
    0,
    0.75,
    1.15,
    2.025,
    5.025,
    6.025
  ],
  "piecewise_polynomial_coefficients": [
    [
      -2.5954075648710351,
      7.6852504417734693,
      -8.1417468481966466,
      3.194343711795931,
      0,
      0,
      0,
      0
    ],
    [
      0,
      0,
      0,
      0,
      0,
      0,
      0,
      0
    ],
    [
      12.09935476913887,
      -35.827934565318955,
      38.43723289741213,
      -15.359373686877911,
      0,
      0,
      0,
      0
    ],
    [
      -3.981274954179248,
      6.37968432758862,
      -4.4888857532699209,
      1.9583209300157571,
      -0.11210540204142273,
      -0.026115403086569323,
      0.21894529602176224,
      0.1
    ],
    [
      0,
      0,
      0,
      0,
      0,
      0,
      0,
      0
    ],
    [
      18.417259074541811,
      -29.570582577498673,
      19.670820238055647,
      -7.7829676871711531,
      1.8240175397306064,
      0.57235942816014973,
      -1.0488839713119777,
      -0.5
    ],
    [
      -0.021206009742181411,
      0.065876315099727967,
      -0.015400842775682532,
      -0.2538242280868207,
      0.43776446112126077,
      0.44012474083359782,
      0.3488118518389553,
      0.2
    ],
    [
      0,
      0,
      0,
      0,
      0,
      0,
      0,
      0
    ],
    [
      0.050354221465467482,
      -0.17732012519753676,
      0.15499771840751028,
      0.19808609325072485,
      -0.503899947261684,
      0.48420013013858221,
      -0.47879968853404348,
      -0.8
    ],
    [
      -0.00049865747947758395,
      0.0046086674245561328,
      -0.012413460095465463,
      -0.0016139089523889007,
      -0.12096342445223875,
      0.6708982962015394,
      1.5353235259514255,
      1
    ],
    [
      0,
      0,
      0,
      0,
      0,
      0,
      0,
      0
    ],
    [
      3.6083960052165743E-5,
      -0.00038003007775610446,
      0.0042057072596007493,
      -0.0239317409534387,
      0.033375251007799984,
      0.0930270850232484,
      -0.19125502774139375,
      -1.05
    ],
    [
      -0.71190615900482612,
      2.1168899046371052,
      -2.080762703842538,
      0.89227494909619054,
      -0.1825552855314744,
      -0.8016760300117628,
      1.2677353246573666,
      7.5
    ],
    [
      0,
      0,
      0,
      0,
      0,
      0,
      0,
      0
    ],
    [
      0.025667298714530773,
      -0.076536912271890856,
      0.066249933495669211,
      -0.012976585554440589,
      0.021789797690192573,
      -0.040968803627503075,
      0.016775271553435063,
      -1
    ]
  ]
}