{
  "hover_time": {
    "seconds": 2.0
  },
  "waypoints": [
    [
      0,
      0.1,
      0.2,
      1,
      7.5,
      8
    ],
    [
      0,
      0,
      0,
      0,
      0,
      0
    ],
    [
      0,
      -0.5,
      -0.8,
      -1.05,
      -1,
      -1
    ]
  ],
  "waypoint_times": [
    0,
    0.60000000000000009,
    0.91999999999999993,
    1.62,
    4.0200000000000005,
    4.82
  ],
  "piecewise_polynomial_coefficients": [
    [
      -12.375867676033684,
      29.316903845798326,
      -24.846639551391775,
      7.7986907026425483,
      0,
      0,
      0,
      0
    ],
    [
      0,
      0,
      0,
      0,
      0,
      0,
      0,
      0
    ],
    [
      57.694219441693569,
      -136.67272401880518,
      117.30112578538649,
      -37.498470915225845,
      0,
      0,
      0,
      0
    ],
    [
      -18.984198342786428,
      24.33656434997911,
      -13.698992162936458,
      4.7810569573625132,
      -0.21895586330832331,
      -0.040805317322365448,
      0.27368162002576074,
      0.1
    ],
    [
      0,
      0,
      0,
      0,
      0,
      0,
      0,
      0
    ],
    [
      87.8203347641362,
      -112.80282047225649,
      60.030579327951443,
      -19.00138595294689,
      3.5625342571331222,
      0.8943116064977078,
      -1.3111049641368351,
      -0.5
    ],
    [
      -0.10111813419951532,
      0.2512981989307792,
      -0.046999641994447061,
      -0.61968805702933982,
      0.8550087131523969,
      0.68769490755919482,
      0.43601481480110021,
      0.2
    ],
    [
      0,
      0,
      0,
      0,
      0,
      0,
      0,
      0
    ],
    [
      0.24010763841003049,
      -0.67642259598708665,
      0.47301549726130637,
      0.48360862648672648,
      -0.9841795845459187,
      0.75656270333609965,
      -0.59849961067175317,
      -0.8
    ],
    [
      -0.0023777841549809365,
      0.017580671028720275,
      -0.037882873845682355,
      -0.0039402073815402033,
      -0.23625668838280006,
      1.04827858780817,
      1.919154407432144,
      1
    ],
    [
      0,
      0,
      0,
      0,
      0,
      0,
      0,
      0
    ],
    [
      0.00017206172959228054,
      -0.0014496996976585015,
      0.01283479998274451,
      -0.058427101925135713,
      0.06518603710416683,
      0.14535482035823963,
      -0.23906878466798612,
      -1.05
    ],
    [
      -3.3946330976732497,
      8.0752941308437585,
      -6.349983837389118,
      2.1784056374185639,
      -0.35655329204665731,
      -1.2526187968909837,
      1.5846691558204489,
      7.5
    ],
    [
      0,
      0,
      0,
      0,
      0,
      0,
      0,
      0
    ],
    [
      0.12239121776811146,
      -0.29196514993907385,
      0.20217875210562397,
      -0.031681117072892562,
      0.042558198610580134,
      -0.064013755663394373,
      0.020969089440269612,
      -1
    ]
  ]
}