{
  "hover_time": {
    "seconds": 2
  },
  "waypoints": [
    [
      0,
      0.4,
      1.5556,
      2.2,
      1.5556,
      0,
      -1.5556,
      -2.2,
      -1.5556,
      0,
      1.5556,
      2.2,
      1.5556,
      0,
      -1.5556,
      -2.2,
      -1.5556,
      0
    ],
    [
      0,
      0.2,
      1.1,
      0,
      -1.1,
      0,
      1.1,
      0,
      -1.1,
      0,
      1.1,
      0,
      -1.1,
      0,
      1.1,
      0,
      -1.1,
      0
    ],
    [
      0,
      -1.8,
      -1.1533,
      -2.295,
      -2.0679,
      -1.1,
      -2.0679,
      -2.295,
      -1.1533,
      -1.8,
      -2.4467,
      -1.305,
      -1.5321,
      -2.5,
      -1.5321,
      -1.305,
      -2.4467,
      -1
    ]
  ],
  "waypoint_times": [
    0,
    2,
    4,
    6,
    8,
    10,
    12,
    14,
    16,
    18,
    20,
    22,
    24,
    26,
    28,
    29.2,
    30.599999999999998,
    33.599999999999994
  ],
  "piecewise_polynomial_coefficients": [
    [
      -0.00524672195460717,
      0.041724972642294925,
      -0.12420404410244217,
      0.14848197327256227,
      0,
      0,
      0,
      0
    ],
    [
      0.0020195967372726121,
      -0.016061003296778165,
      0.038924265691584761,
      -0.017261292094237751,
      0,
      0,
      0,
      0
    ],
    [
      0.057328251823974705,
      -0.45590747130717618,
      1.3013251199501081,
      -1.3501463692633116,
      0,
      0,
      0,
      0
    ],
    [
      -0.00053002655069957433,
      0.0042150781993551528,
      -0.012684613097927446,
      0.017881056895924206,
      -0.042474649730026022,
      0.11544011100087033,
      0.47576292818322025,
      0.4
    ],
    [
      0.00020402070145451645,
      -0.0016224908161602614,
      0.014260183273560045,
      -0.055839979067799,
      -0.019906063702359037,
      0.20219846128550661,
      0.38264661362789376,
      0.2
    ],
    [
      0.005791329490815047,
      -0.046056007285350767,
      0.18525952274758131,
      -0.48102735500574184,
      0.41045945617552992,
      0.80928884567797976,
      -0.94985189425438454,
      -1.8
    ],
    [
      -5.3543554700223571E-5,
      0.00042580936718116994,
      -0.00097288372667216376,
      0.0033131184155594895,
      -0.029213074974700347,
      -0.069590543936218177,
      0.557095467824522,
      1.5556
    ],
    [
      2.0610276009893249E-5,
      -0.00016390485557453809,
      -0.0047991151561755964,
      0.043543121405602042,
      -0.041565503073464356,
      -0.36887864117205088,
      0.086386063605698588,
      1.1
    ],
    [
      0.0005850430842567467,
      -0.0046526015476398112,
      -0.010634430111665902,
      0.14476139177684225,
      -0.15319512476682678,
      -0.61351744825659249,
      0.39246563528446315,
      -1.1533
    ],
    [
      -5.4089976141083095E-6,
      4.3015482418633863E-5,
      -0.00055749554513717214,
      0.0049266818939903857,
      -0.0034783686002036987,
      -0.17697187057975897,
      0.014133369540525407,
      2.2
    ],
    [
      2.0820605073186842E-6,
      -1.6557751487334638E-5,
      -0.00085077888418678,
      -0.008814008688714162,
      0.10013183959795641,
      0.017346981768353975,
      -0.90070019409670843,
      0
    ],
    [
      5.9101353371427784E-5,
      -0.00047000820193590951,
      0.010803140803285646,
      -0.08551553110491919,
      0.16272668454261691,
      0.36735537804026974,
      -0.74953572241804634,
      -2.295
    ],
    [
      -5.4642010546171793E-7,
      4.3454487830842963E-6,
      -1.3101900250014431E-5,
      0.00049754163106601195,
      0.017488703269284443,
      -0.11751249095246515,
      -0.61660461729105254,
      1.5556
    ],
    [
      2.103310014929613E-7,
      -1.6726737236061651E-6,
      0.0016174434431744523,
      -0.017762850896933909,
      -0.0058946716330885735,
      0.33596478439598854,
      0.017912894200115721,
      -1.1
    ],
    [
      5.9704492167245362E-6,
      -4.7480471094519371E-5,
      0.0018132313840356885,
      0.0099961397183285488,
      -0.13137648658703938,
      0.082508144041761419,
      0.73659610469858627,
      -2.0679
    ],
    [
      -5.5200103122407253E-8,
      4.3898264826193043E-7,
      -0.00022842481181522688,
      0.00048227353737276187,
      0.021334236854069349,
      -0.001011710814060808,
      -0.86132743173624071,
      0
    ],
    [
      2.1247708350869722E-8,
      -1.6897439793675237E-7,
      0.0023890902771873746,
      -0.0016329719303618062,
      -0.083449583516539888,
      0.0034237092643232352,
      0.851793293872813,
      0
    ],
    [
      6.0313734778253366E-7,
      -4.7964985061010146E-6,
      -0.0036554224124574039,
      0.026863703251999667,
      0.016868462707303016,
      -0.32816808270672837,
      -0.051395665670496693,
      -1.1
    ],
    [
      -5.5775391820213583E-9,
      4.4353722869972127E-8,
      -5.2364832654186779E-5,
      -0.0017902812757520919,
      0.016094757846434909,
      0.12036255162839241,
      -0.61214510947065837,
      -1.5556
    ],
    [
      2.1441476064182842E-9,
      -1.7055855630157405E-8,
      -0.0022738420129288948,
      0.02225342984361145,
      -0.00096488505894854154,
      -0.34536417138412839,
      0.002942325023954554,
      1.1
    ],
    [
      6.0925622087339464E-8,
      -4.845227167740239E-7,
      -0.0018505962146519984,
      -0.0098182864949017158,
      0.085131509378770412,
      0.12459192724471882,
      -0.595092455123749,
      -2.0679
    ],
    [
      -5.7383659511409352E-10,
      4.54342825102635E-9,
      9.001177524284239E-5,
      -0.0023127480710253023,
      -0.0003181124920594552,
      0.1697820582637308,
      0.00097002094092810034,
      -2.2
    ],
    [
      1.9556616529938795E-10,
      -1.5955082350820893E-9,
      -0.0020431578772141211,
      -0.00048544446583707369,
      0.08610734495855045,
      0.001018820936389835,
      -0.85989290140483621,
      0
    ],
    [
      6.1192725842325372E-9,
      -4.8732416862985849E-8,
      0.0063552281220347236,
      -0.028337154764084316,
      -0.067482036452862437,
      0.25161906703353076,
      0.46255476770841664,
      -2.295
    ],
    [
      -1.6216220229669498E-10,
      1.088779137169878E-9,
      8.5265626072017936E-5,
      -0.0014125085795346733,
      -0.015219220450540057,
      0.11956907643077168,
      0.60947452309719,
      -1.5556
    ],
    [
      -1.8655089256875077E-10,
      1.0863721201030818E-9,
      0.0019840652874410333,
      -0.020917064329188068,
      0.00049732837906294315,
      0.34255934182901521,
      -0.0015165499644853612,
      -1.1
    ],
    [
      2.65439239301196E-10,
      -2.7898503996695665E-9,
      -0.0035077108976028478,
      0.035213830775915472,
      -0.0399745200782748,
      -0.32495419988787283,
      0.26086928053025971,
      -1.1533
    ],
    [
      -1.0511246751946334E-9,
      6.3671376811817313E-9,
      0.00035134500793633294,
      -0.00055981622889912045,
      -0.023108580650119091,
      0.0011749502384441365,
      0.86674129535137356,
      0
    ],
    [
      -2.06287401225536E-9,
      1.2470580789357607E-8,
      0.0024956501406793387,
      -0.0010763685204032748,
      -0.087476505405766916,
      0.0022591265652661132,
      0.864068047370242,
      0
    ],
    [
      -3.4640020841878568E-9,
      2.0828762256561248E-8,
      -0.0035727145454989432,
      0.00013667138292411732,
      0.10142739249488321,
      -0.00028674473264757251,
      -0.67241646367391172,
      -1.8
    ],
    [
      -1.0352471347756578E-8,
      6.2606579250050857E-8,
      -0.00037661058509323692,
      0.0029538736053307019,
      -0.01353288005164552,
      -0.12280370076368134,
      0.60433236140043411,
      1.5556
    ],
    [
      -2.0444125235013054E-8,
      1.2363384612356573E-7,
      -0.0029401848756978647,
      0.02388060360888877,
      0.0037393921416704512,
      -0.34877913241659958,
      -0.011403822452489536,
      1.1
    ],
