{
  "hover_time": {
    "seconds": 2
  },
  "waypoints": [
    [
      0,
      0.4,
      1.5556,
      2.2,
      1.5556,
      0,
      -1.5556,
      -2.2,
      -1.5556,
      0,
      1.5556,
      2.2,
      1.5556,
      0,
      -1.5556,
      -2.2,
      -1.5556,
      0
    ],
    [
      0,
      0.2,
      1.1,
      0,
      -1.1,
      0,
      1.1,
      0,
      -1.1,
      0,
      1.1,
      0,
      -1.1,
      0,
      1.1,
      0,
      -1.1,
      0
    ],
    [
      0,
      -1.8,
      -1.1533,
      -2.295,
      -2.0679,
      -1.1,
      -2.0679,
      -2.295,
      -1.1533,
      -1.8,
      -2.4467,
      -1.305,
      -1.5321,
      -2.5,
      -1.5321,
      -1.305,
      -2.4467,
      -1
    ]
  ],
  "waypoint_times": [
    0,
    1.2,
    2.4,
    3.5999999999999996,
    4.8,
    6,
    7.1999999999999993,
    8.4,
    9.6,
    10.799999999999999,
    12,
    13.2,
    14.399999999999999,
    15.6,
    16.8,
    17.52,
    18.36,
    20.159999999999997
  ],
  "piecewise_polynomial_coefficients": [
    [
      -0.18742576712656212,
      0.8943109705599932,
      -1.5972742297161249,
      1.1456942382155606,
      0,
      0,
      0,
      0
    ],
    [
      0.0721449451756017,
      -0.34424304048265914,
      0.50056926043691741,
      -0.13318898220876,
      0,
      0,
      0,
      0
    ],
    [
      2.0479056578648187,
      -9.77167934043254,
      16.735148147502994,
      -10.417796059126696,
      0,
      0,
      0,
      0
    ],
    [
      -0.018933847408473321,
      0.090343754287738345,
      -0.16312516846027156,
      0.13797111803649145,
      -0.19664189690154005,
      0.32066697500210922,
      0.79293821363872874,
      0.4
    ],
    [
      0.0072881194794360751,
      -0.034775609057771342,
      0.18338713057696077,
      -0.43086403601720036,
      -0.092157702326686589,
      0.561662392460015,
      0.63774435604670843,
      0.2
    ],
    [
      0.20688048307034865,
      -0.98714007385579394,
      2.3824527102487338,
      -3.7116308256786521,
      1.9002752600835562,
      2.2480245713252742,
      -1.583086490426433,
      -1.8
    ],
    [
      -0.0019127070038856087,
      0.0091265725276087947,
      -0.012511364824407128,
      0.025564185330057557,
      -0.13524571748742531,
      -0.19330706648834525,
      0.92849244637584893,
      1.5556
    ],
    [
      0.00073624957829946183,
      -0.0035130499157143818,
      -0.061717015855853485,
      0.33598087501992779,
      -0.1924328845981548,
      -1.0246628921433476,
      0.14397677267642417,
      1.1
    ],
    [
      0.020899172825587981,
      -0.099721398078709528,
      -0.1367596464593393,
      1.1169860476375342,
      -0.70923668873565193,
      -1.7042151340450555,
      0.6541093921439578,
      -1.1533
    ],
    [
      -0.00019322264668644596,
      0.00092197105682959252,
      -0.00716943857542622,
      0.038014520781164018,
      -0.016103558334513372,
      -0.49158852938851583,
      0.023555615899400067,
      2.2
    ],
    [
      7.437631343431051E-5,
      -0.00035489012019786057,
      -0.010941086401653373,
      -0.068009326354941252,
      0.46357333148066543,
      0.048186060472001677,
      -1.5011669901593907,
      0
    ],
    [
      0.0021112451922553018,
      -0.010073906943811623,
      0.13892927989935758,
      -0.65984206101832366,
      0.75336428029941138,
      1.0204316056697869,
      -1.2492262040323034,
      -2.295
    ],
    [
      -1.9519448997294254E-5,
      9.3137980937391685E-5,
      -0.0001684914123236858,
      0.003839055729245801,
      0.080966218846998145,
      -0.32642358597560606,
      -1.0276743621481452,
      1.5556
    ],
    [
      7.5135330568659487E-6,
      -3.5851182367346152E-5,
      0.020800455778907264,
      -0.13705903469626421,
      -0.027290146437398577,
      0.93323551220932743,
      0.029854823661932928,
      -1.1
    ],
    [
      0.00021327907431460056,
      -0.0010176712570301363,
      0.023318304802975448,
      0.0771307077251926,
      -0.60822447494246579,
      0.22918928900293131,
      1.2276601744972286,
      -2.0679
    ],
    [
      -1.97186869935003E-6,
      9.408859508871125E-6,
      -0.0029375617730646219,
      0.0037212463375916869,
      0.098769615100577246,
      -0.0028103078136326592,
      -1.435545719565464,
      0
    ],
    [
      7.5901450344790472E-7,
      -3.6216803194363912E-6,
      0.030723897543375144,
      -0.012600092001070684,
      -0.38634066445055504,
      0.0095103035083624974,
      1.4196554897917519,
      0
    ],
    [
      2.1545546219276987E-5,
      -0.00010280561547451986,
      -0.047009033074314595,
      0.20728166088982711,
      0.078094734755908779,
      -0.9115780075172546,
      -0.085659442783044021,
      -1.1
    ],
    [
      -1.9923957135323334E-7,
      9.5063634356007149E-7,
      -0.00067341602299668315,
      -0.013813898770766679,
      0.074512767830998708,
      0.33434042118628593,
      -1.020241849120229,
      -1.5556
    ],
    [
      7.6598316015319177E-8,
      -3.6557857171873861E-7,
      -0.029241795422400914,
      0.17170856360816367,
      -0.0044670604664442861,
      -0.95934492050775111,
      0.004903875042412029,
      1.1
    ],
    [
      2.1764122443342726E-6,
      -1.0385004120134023E-5,
      -0.023798819626781431,
      -0.075758383461770079,
      0.39412735824853168,
      0.34608868678917259,
      -0.9918207585435499,
      -2.0679
    ],
    [
      -2.050523494733334E-8,
      9.740514592943058E-8,
      0.001157558804381787,
      -0.017845278304718926,
      -0.0014727430192526011,
      0.47161682850555975,
      0.0016167015679720937,
      -2.2
    ],
    [
      6.98950721648122E-9,
      -3.42138864863037E-8,
      -0.026275178427562444,
      -0.0037457135119856808,
      0.39864511557420884,
      0.002830058156268897,
      -1.4331548356803974,
      0
    ],
    [
      2.1859200971576058E-7,
      -1.0444897544187257E-6,
      0.081728756685559859,
      -0.21865088549798042,
      -0.31241683544094689,
      0.69894185286771948,
      0.77092461285017377,
      -2.295
    ],
    [
      -5.8055267957392362E-9,
      2.3387938415587151E-8,
      0.0010965228864813726,
      -0.010898985885380788,
      -0.070459353964840543,
      0.33213632341757776,
      1.0157908718326765,
      -1.5556
    ],
    [
      -6.6697488928046633E-9,
      2.330601789193543E-8,
      0.025515242863863676,
      -0.16139710128611,
      0.0023024461983801167,
      0.95155372729759868,
      -0.0025275832732956373,
      -1.1
    ],
    [
      9.4846800559442952E-9,
      -5.980488303431362E-8,
      -0.045109450833523738,
      0.27171165721961121,
      -0.18506722259127906,
      -0.90265055524063142,
      0.43478213421901668,
      -1.1533
    ],
    [
      -3.7559047677750465E-8,
      1.3651113772621115E-7,
      0.0045183256531836609,
      -0.0043195696097486887,
      -0.10698416970410246,
      0.003263750665121962,
      1.4445688255876197,
      0
    ],
    [
      -7.3693850010363908E-8,
      2.6730086015854965E-7,
      0.032094266187614427,
      -0.0083053126281537274,
      -0.40498382134291644,
      0.0062753515719295837,
      1.4401134122875465,
      0
    ],
    [
      -1.2374199196270246E-7,
      4.4642893829540684E-7,
      -0.04594540309632314,
      0.0010545631247183137,
      0.4695712615634578,
      -0.00079651314686726682,
      -1.1206941061272278,
      -1.8
    ],
    [
      -3.698189043701506E-7,
      1.3418922916168679E-6,
      -0.0048432431536340192,
      0.022792234646172312,
      -0.0626522224856092,
      -0.34112139100597766,
      1.0072206023371639,
      1.5556
    ],
    [
      -7.303078169505661E-7,
      2.6498776264100933E-6,
      -0.037811019455057264,
      0.18426391671065481,
      0.017312000656479573,
      -0.96883092337338272,
      -0.019006370753983304,
      1.1
    ],
    [
      -1.2468768517683068E-6,
