{
  "hover_time": {
    "seconds": 2
  },
  "waypoints": [
    [
      0,
      0.4,
      1.5556,
      2.2,
      1.5556,
      0,
      -1.5556,
      -2.2,
      -1.5556,
      0,
      1.5556,
      2.2,
      1.5556,
      0,
      -1.5556,
      -2.2,
      -1.5556,
      0
    ],
    [
      0,
      0.2,
      1.1,
      0,
      -1.1,
      0,
      1.1,
      0,
      -1.1,
      0,
      1.1,
      0,
      -1.1,
      0,
      1.1,
      0,
      -1.1,
      0
    ],
    [
      0,
      -1.8,
      -1.1533,
      -2.295,
      -2.0679,
      -1.1,
      -2.0679,
      -2.295,
      -1.1533,
      -1.8,
      -2.4467,
      -1.305,
      -1.5321,
      -2.5,
      -1.5321,
      -1.305,
      -2.4467,
      -1
    ]
  ],
  "waypoint_times": [
    0,
    1.1,
    2.2,
    3.3000000000000003,
    4.4,
    5.5,
    6.6000000000000005,
    7.7000000000000011,
    8.8,
    9.9,
    11,
    12.100000000000001,
    13.200000000000001,
    14.3,
    15.400000000000002,
    16.060000000000002,
    16.830000000000002,
    18.479999999999997
  ],
  "piecewise_polynomial_coefficients": [
    [
      -0.34462693954320628,
      1.5073701945128553,
      -2.4678700606209421,
      1.6226429700005127,
      0,
      0,
      0,
      0
    ],
    [
      0.13265567503891981,
      -0.580225129681464,
      0.77340500965658432,
      -0.18863511611146239,
      0,
      0,
      0,
      0
    ],
    [
      3.7655626019294437,
      -16.470264452509639,
      25.856656486760905,
      -14.754690190725542,
      0,
      0,
      0,
      0
    ],
    [
      -0.0348143907276182,
      0.15227531251839693,
      -0.25203669603993972,
      0.19540803937733195,
      -0.25529466406114826,
      0.381620201654806,
      0.86502350578782661,
      0.4
    ],
    [
      0.013400944533373102,
      -0.058614641080671617,
      0.28334245963043075,
      -0.61023131276802656,
      -0.11964576230938645,
      0.668424665406045,
      0.6957211156872235,
      0.2
    ],
    [
      0.380399071184597,
      -1.6638345878744281,
      3.6810108152219421,
      -5.2567704939318345,
      2.4670741167793553,
      2.6753350270308931,
      -1.7270034441002622,
      -1.8
    ],
    [
      -0.0035169676657833067,
      0.015382930427165648,
      -0.019330696125761847,
      0.036206471392215611,
      -0.17558572489535534,
      -0.23005138491202928,
      1.0129008505922303,
      1.5556
    ],
    [
      0.0013537703142951069,
      -0.0059212812049745257,
      -0.095355933772057727,
      0.47584860491604397,
      -0.24983022133225732,
      -1.2194335245338424,
      0.15706557019334988,
      1.1
    ],
    [
      0.038428109862835118,
      -0.1680814260041876,
      -0.2113006212143691,
      1.5819836543821435,
      -0.92078211730502713,
      -2.0281568537393211,
      0.7135738823378448,
      -1.1533
    ],
    [
      -0.0003552858790153374,
      0.0015539915345225191,
      -0.01107714784173105,
      0.053839840368827566,
      -0.020906798502144351,
      -0.58503097712114149,
      0.025697035527725277,
      2.2
    ],
    [
      0.00013675857918961864,
      -0.00059817089735826764,
      -0.016904535888761143,
      -0.096321384575640587,
      0.60184426508041755,
      0.057345394277264955,
      -1.6376367165408137,
      0
    ],
    [
      0.0038820274276949087,
      -0.016979672127729613,
      0.21465281540699,
      -0.9345321342280456,
      0.97807173280720028,
      1.214397943933359,
      -1.3627922225821378,
      -2.295
    ],
    [
      -3.5891168121908653E-5,
      0.00015698504287504003,
      -0.0002603278541358137,
      0.0054372419711679046,
      0.10511617294300712,
      -0.388471044470214,
      -1.1210993041657369,
      1.5556
    ],
    [
      1.3815429821949543E-5,
      -6.0427563327369143E-5,
      0.032137763931747963,
      -0.1941162587045154,
      -0.035430032341060881,
      1.1106273864288294,
      0.032568898542570814,
      -1.1
    ],
    [
      0.000392164411101434,
      -0.0017152952246624292,
      0.036027968932932732,
      0.10923996689381275,
      -0.78964079092038708,
      0.27275419517982513,
      1.3392656449105529,
      -2.0679
    ],
    [
      -3.6257489419426255E-6,
      1.5858723310664713E-5,
      -0.004538682597891047,
      0.0052703889238600215,
      0.12822982334894309,
      -0.0033444985554947288,
      -1.566049875886119,
      0
    ],
    [
      1.3956275543880195E-6,
      -6.1043746496043125E-6,
      0.04746998698612883,
      -0.017845468748476978,
      -0.50157525782468271,
      0.011318047153437937,
      1.54871507977398,
      0
    ],
    [
      3.96166341384873E-5,
      -0.00017327996002009413,
      -0.072631350963211591,
      0.29357233244305825,
      0.10138820562066848,
      -1.0848531659672485,
      -0.093446664858188588,
      -1.1
    ],
    [
      -3.6634601704959071E-7,
      1.602291466788106E-6,
      -0.001040462037688856,
      -0.019564579274628947,
      0.096737838327806386,
      0.39789273265357084,
      -1.1129911081319561,
      -1.5556
    ],
    [
      1.4085712045531474E-7,
      -6.1624221870050426E-7,
      -0.045180063607667478,
      0.24319027211385669,
      -0.0057994593984003308,
      -1.1416997401056241,
      0.005349681859959249,
      1.1
    ],
    [
      4.0018540065213784E-6,
      -1.7504036507008896E-5,
      -0.036770388779128485,
      -0.10729634858194173,
      0.51168450417118339,
      0.41187413964975839,
      -1.081986282044924,
      -2.0679
    ],
    [
      -3.7703235593756672E-8,
      1.6417540125043664E-7,
      0.0017884873330662565,
      -0.025274208800629666,
      -0.0019120209899368709,
      0.56126300252149341,
      0.0017636744391647332,
      -2.2
    ],
    [
      1.2849002221959781E-8,
      -5.7658937426787791E-8,
      -0.040596489314269631,
      -0.0053050416754155012,
      0.51754978189387524,
      0.0033680030926238787,
      -1.5634416389209835,
      0
    ],
    [
      4.0193709372367488E-7,
      -1.7605103736512912E-6,
      0.12627509290003067,
      -0.30967452782952615,
      -0.405602022263592,
      0.831798568705004,
      0.8410086685621706,
      -2.295
    ],
    [
      -1.0669511420913044E-8,
      3.9400234285611156E-8,
      0.0016941837596651465,
      -0.015436197791510311,
      -0.091475404679686637,
      0.39526967415262992,
      1.1081354965415655,
      -1.5556
    ],
    [
      -1.2266135953036552E-8,
      3.9293700613415362E-8,
      0.03942235012089295,
      -0.22858618209555429,
      0.00298920136637188,
      1.1324275762916747,
      -0.002757363569645511,
      -1.1
    ],
    [
      1.7442944789385326E-8,
      -1.0081608335511435E-7,
      -0.069696399686192345,
      0.3848243237340368,
      -0.24026758874559498,
      -1.0742287599583251,
      0.47430778278186719,
      -1.1533
    ],
    [
      -6.9051758859180377E-8,
      2.3005940793291672E-7,
      0.006981043370369696,
      -0.0061177922245867827,
      -0.1388945493794746,
      0.0038841330219964564,
      1.575893264275583,
      0
    ],
    [
      -1.3550435368616125E-7,
      4.50541090420913E-7,
      0.049587276353667567,
      -0.011762786888659987,
      -0.52577914595288355,
      0.0074681869950847966,
      1.5710328134010938,
      0
    ],
    [
      -2.2752636056094786E-7,
      7.5245077354609976E-7,
      -0.0709879885359782,
      0.0014935742774580061,
      0.60963120959450157,
      -0.00094791647266028909,
      -1.2225753884989512,
      -1.8
    ],
    [
      -6.79994677389005E-7,
      2.2617490465817885E-6,
      -0.0074830573757470259,
      0.032280566694308135,
      -0.081339624658635673,
      -0.40596264715104635,
      1.098786111637587,
      1.5556
    ],
    [
      -1.3428426571380597E-6,
      4.4663869442461022E-6,
      -0.058419951391759095,
      0.26097237735679746,
      0.022475685302884144,
      -1.1529888674890734,
      -0.020734222640895431,
      1.1
    ],
    [
      -2.29268039581863E-6,
