{
  "hover_time": {
    "seconds": 2
  },
  "waypoints": [
    [
      0,
      0.4,
      1.5556,
      2.2,
      1.5556,
      0,
      -1.5556,
      -2.2,
      -1.5556,
      0,
      1.5556,
      2.2,
      1.5556,
      0,
      -1.5556,
      -2.2,
      -1.5556,
      0
    ],
    [
      0,
      0.2,
      1.1,
      0,
      -1.1,
      0,
      1.1,
      0,
      -1.1,
      0,
      1.1,
      0,
      -1.1,
      0,
      1.1,
      0,
      -1.1,
      0
    ],
    [
      0,
      -1.8,
      -1.1533,
      -2.295,
      -2.0679,
      -1.1,
      -2.0679,
      -2.295,
      -1.1533,
      -1.8,
      -2.4467,
      -1.305,
      -1.5321,
      -2.5,
      -1.5321,
      -1.305,
      -2.4467,
      -1
    ]
  ],
  "waypoint_times": [
    0,
    1.5,
    3,
    4.5,
    6,
    7.5,
    9,
    10.5,
    12,
    13.5,
    15,
    16.5,
    18,
    19.5,
    21,
    21.9,
    22.95,
    25.199999999999996
  ],
  "piecewise_polynomial_coefficients": [
    [
      -0.039306032239312227,
      0.23443825507152777,
      -0.52339481960031786,
      0.46927635997623229,
      0,
      0,
      0,
      0
    ],
    [
      0.015129891605868223,
      -0.0902412476019396,
      0.1640265352572205,
      -0.054554207111764078,
      0,
      0,
      0,
      0
    ],
    [
      0.42947694462257668,
      -2.5615871090304063,
      5.4837733449948125,
      -4.26712926583056,
      0,
      0,
      0,
      0
    ],
    [
      -0.0039707155995666365,
      0.023683073143510633,
      -0.05345285524148722,
      0.056512969984590218,
      -0.10068065122481151,
      0.20522686399967466,
      0.63435057091112967,
      0.4
    ],
    [
      0.0015284294325946372,
      -0.0091162172506394409,
      0.060092294924281656,
      -0.17648190912954156,
      -0.047184743599300395,
      0.35946393117334635,
      0.51019548483782606,
      0.2
    ],
    [
      0.043385981883118367,
      -0.25877284751992236,
      0.78068210409166239,
      -1.5202839861947925,
      0.9729409331603831,
      1.4387357256475024,
      -1.2664691923384375,
      -1.8
    ],
    [
      -0.00040112373330691256,
      0.0023924762374323417,
      -0.0040997240455917516,
      0.010471090331926254,
      -0.069245807361961564,
      -0.12371652255323701,
      0.742793957101516,
      1.5556
    ],
    [
      0.00015440272992078282,
      -0.000920924968910838,
      -0.020223431733377539,
      0.13761776638947185,
      -0.09852563691050284,
      -0.65578425096915194,
      0.11518141814194566,
      1.1
    ],
    [
      0.0043828742106976123,
      -0.026141366187519513,
      -0.04481340093203813,
      0.4575174850933551,
      -0.36312918462531896,
      -1.0906976857869912,
      0.52328751371275906,
      -1.1533
    ],
    [
      -4.0521723798203827E-5,
      0.00024168916977895599,
      -0.0023492816116432664,
      0.015570747694710089,
      -0.0082450218648665134,
      -0.31461665880552997,
      0.01884449272067458,
      2.2
    ],
    [
      1.5597844434577235E-5,
      -9.3032322149127645E-5,
      -0.0035851751762767396,
      -0.027856620094410155,
      0.23734954573170275,
      0.030839078700358357,
      -1.2009335921321258,
      0
    ],
    [
      0.0004427602066338963,
      -0.0026408142563878459,
      0.045524346427164561,
      -0.27027130818536749,
      0.38572251151429227,
      0.65307622762538542,
      -0.99938096322639647,
      -2.295
    ],
    [
      -4.0935216562998307E-6,
      2.4415544184715958E-5,
      -5.5211227988190281E-5,
      0.0015724771899759441,
      0.041454704066041709,
      -0.20891109502364391,
      -0.822139489722821,
      1.5556
    ],
    [
      1.5756997956963977E-6,
      -9.3981600719319367E-6,
      0.0068158933245324824,
      -0.056139380587399951,
      -0.013972554985171444,
      0.59727072781077017,
      0.023883858933413025,
      -1.1
    ],
    [
      4.4727862577310476E-5,
      -0.00026677640703563792,
      0.0076409421016956748,
      0.03159273790232537,
      -0.31141093117990015,
      0.14668114496130435,
      0.98212813960057954,
      -2.0679
    ],
    [
      -4.1352718908614112E-7,
      2.4664561346002464E-6,
      -0.00096258020203898492,
      0.0015242224667306611,
      0.050570042940213472,
      -0.0017985970014010842,
      -1.1484365756505857,
      0
    ],
    [
      1.5917516105616717E-7,
      -9.4939160287778553E-7,
      0.010067606725729381,
      -0.0051609976651717723,
      -0.1978064202049799,
      0.0060865942468110827,
      1.1357243918332107,
      0
    ],
    [
      4.5184305016423333E-6,
      -2.694988605418469E-5,
      -0.015403919936406102,
      0.08490256828345108,
      0.03998450419765763,
      -0.5834099248086263,
      -0.06852755422723332,
      -1.1
    ],
    [
      -4.178188419847629E-8,
      2.4919338404850594E-7,
      -0.0002206649396423734,
      -0.0056581729577335552,
      0.038150537135073007,
      0.21397786956050194,
      -0.81619347929585917,
      -1.5556
    ],
    [
      1.6066484669511069E-8,
      -9.5848679739425E-8,
      -0.0095819514949602169,
      0.070331827628758045,
      -0.0022871349515821491,
      -0.61398074912310951,
      0.0039231000321867911,
      1.1
    ],
    [
      4.5642703814432565E-7,
      -2.7223690225737044E-6,
      -0.0077983972086086558,
      -0.031030633872879295,
      0.20179320742494383,
      0.22149675954535239,
      -0.7934566068340545,
      -2.0679
    ],
    [
      -4.3020617962188E-9,
      2.5543088238734358E-8,
      0.00037930885352164244,
      -0.0073094259833549205,
      -0.00075404442747147721,
      0.30183477024374167,
      0.0012933612544148844,
      -2.2
    ],
    [
      1.4680079288973981E-9,
      -8.98197534118232E-9,
      -0.00860985043940326,
      -0.00153424427841929,
      0.20410629917870066,
      0.0018112372211531232,
      -1.1465238685426673,
      0
    ],
    [
      4.5840209804137488E-8,
      -2.7379616802785087E-7,
      0.026780878969254965,
      -0.0895594026824677,
      -0.15995741974925298,
      0.44732278583471213,
      0.6167396902795631,
      -2.295
    ],
    [
      -1.2217696440394675E-9,
      6.1538288549464591E-9,
      0.00035930857467550079,
      -0.0044642245826597982,
      -0.036075189236467048,
      0.21256724698504142,
      0.81263269746443378,
      -1.5556
    ],
    [
      -1.4010767114796687E-9,
      6.1216881855088322E-9,
      0.0083608347586913434,
      -0.066108252669549047,
      0.0011788524510561282,
      0.6089943854695794,
      -0.00202206661948604,
      -1.1
    ],
    [
      1.9902693817232494E-9,
      -1.568360877620043E-8,
      -0.014781464837726632,
      0.11129309478844983,
      -0.094754417964939247,
      -0.57769635535337549,
      0.34782570737480822,
      -1.1533
    ],
    [
      -7.881189150692745E-9,
      3.5810990837134195E-8,
      0.0014805648967726771,
      -0.0017692956646210025,
      -0.054775894901175889,
      0.0020888004225176481,
      1.155655060470683,
      0
    ],
    [
      -1.5457029578292845E-8,
      7.0085312602169886E-8,
      0.010516649113307502,
      -0.0034018560236287903,
      -0.20735171653504436,
      0.00401622500396292,
      1.1520907298297662,
      0
    ],
    [
      -2.5949459637321761E-8,
      1.1702157080755656E-7,
      -0.015055389670352312,
      0.00043194904064067935,
      0.24042048592416781,
      -0.00050976841308137636,
      -0.89655528490108383,
      -1.8
    ],
    [
      -7.7558434791799078E-8,
      3.5177970470585344E-7,
      -0.0015870339400520235,
      0.0093356993326821937,
      -0.032077937917896121,
      -0.21831769024540354,
      0.80577648186902162,
      1.5556
    ],
    [
      -1.5315448729360138E-7,
      6.9463832412124259E-7,
      -0.012389914834348075,
      0.075474500269553463,
      0.0088637443386652276,
      -0.6200517909584865,
      -0.01520509660290675,
      1.1
    ],
    [
      -2.614908740303963E-7,
      1.1859429049051794E-6,
