{
  "hover_time": {
    "seconds": 2
  },
  "waypoints": [
    [
      0,
      0.1,
      0.2,
      1,
      15,
      19
    ],
    [
      0,
      0,
      0,
      0,
      0,
      0
    ],
    [
      0,
      -0.5,
      -0.8,
      -1.1,
      -0.95,
      -0.8
    ]
  ],
  "waypoint_times": [
    0,
    0.47550000000000003,
    0.7291,
    1.28385,
    3.24925,
    4.5806499999999994
  ],
  "piecewise_polynomial_coefficients": [
    [
      -57.690710984927968,
      108.30366319857475,
      -73.191930360654624,
      18.473775393753417,
      0,
      0,
      0,
      0
    ],
    [
      0,
      0,
      0,
      0,
      0,
      0,
      0,
      0
    ],
    [
      295.54518579409057,
      -554.84647042344636,
      377.22633439259363,
      -95.475111469387343,
      0,
      0,
      0,
      0
    ],
    [
      -88.923356894207757,
      90.229628083405544,
      -38.460904724479278,
      10.412784954296196,
      -0.69692284820713191,
      -0.027675138363186955,
      0.36442145435586737,
      0.1
    ],
    [
      0,
      0,
      0,
      0,
      0,
      0,
      0,
      0
    ],
    [
      449.81119284709905,
      -457.8981326274307,
      193.51558232693986,
      -48.705349021539845,
      7.0808521100293618,
      1.4371245859054183,
      -1.648199367559132,
      -0.5
    ],
    [
      -0.616629286293394,
      1.1747877593834648,
      -1.0609381015890156,
      0.10591549913988052,
      1.6899102983359859,
      0.82658192043663947,
      0.50212628182090191,
      0.2
    ],
    [
      0,
      0,
      0,
      0,
      0,
      0,
      0,
      0
    ],
    [
      1.210126150482246,
      -2.7123756162822241,
      1.4110929399535026,
      1.4759448788844591,
      -2.1173515715501265,
      1.0910121211271337,
      -0.7727972618499217,
      -0.8
    ],
    [
      -0.0156469341127332,
      0.094687371446367075,
      -0.097800818780255261,
      -0.5833307038864125,
      0.62718796413650391,
      3.0119122628435737,
      2.7938752029015244,
      1
    ],
    [
      0,
      0,
      0,
      0,
      0,
      0,
      0,
      0
    ],
    [
      7.8126880052624068E-6,
      -0.00069326427389936052,
      0.024852785915307235,
      -0.15191323398495721,
      0.25040412282887825,
      0.18347190230596114,
      -0.44917226052561293,
      -1.1
    ],
    [
      -0.840611845289601,
      3.3636584114034633,
      -4.5335918973577805,
      2.924149108682542,
      -1.5308393842248957,
      -2.6781759383233221,
      7.2381459590314554,
      15
    ],
    [
      0,
      0,
      0,
      0,
      0,
      0,
      0,
      0
    ],
    [
      -0.019456325769617866,
      0.077582191447465476,
      -0.11754359667695979,
      0.12137835156007881,
      -0.085048571381463281,
      -0.12449999315689274,
      0.29586929400678569,
      -0.95
    ]
  ]
}