{
  "hover_time": {
    "seconds": 2
  },
  "waypoints": [
    [
      0,
      0.1,
      0.2,
      1,
      7.5,
      8
    ],
    [
      0,
      0,
      0,
      0,
      0,
      0
    ],
    [
      0,
      -0.5,
      -0.8,
      -1.05,
      -1,
      -1
    ]
  ],
  "waypoint_times": [
    0,
    0.30000000000000004,
    0.45999999999999996,
    0.81,
    2.0100000000000002,
    2.41
  ],
  "piecewise_polynomial_coefficients": [
    [
      -1584.1110625357874,
      1876.2818461246977,
      -795.09246563928389,
      124.77905124137428,
      0,
      0,
      0,
      0
    ],
    [
      0,
      0,
      0,
      0,
      0,
      0,
      0,
      0
    ],
    [
      7384.860088550231,
      -8747.054337187612,
      3753.6360251177421,
      -599.9755346410218,
      0,
      0,
      0,
      0
    ],
    [
      -2429.9773893076162,
      1557.5401192796025,
      -438.36774941739213,
      76.496911338710746,
      -1.7516469072653884,
      -0.163221269315028,
      0.54736324005538939,
      0.1
    ],
    [
      0,
      0,
      0,
      0,
      0,
      0,
      0,
      0
    ],
    [
      11241.002853896251,
      -7219.3805127412079,
      1920.9785390754282,
      -304.02217530709083,
      28.500274059421574,
      3.5772464260620191,
      -2.6222099282853564,
      -0.5
    ],
    [
      -12.943121198553868,
      16.083084761805424,
      -1.5039885598952765,
      -9.915008908919134,
      6.8400697050574095,
      2.7507796302145477,
      0.87202962959860419,
      0.2
    ],
    [
      0,
      0,
      0,
      0,
      0,
      0,
      0,
      0
    ],
    [
      30.733777765532956,
      -43.291046211781385,
      15.136495948351856,
      7.7377380158296711,
      -7.8734366760326049,
      3.0262508134003703,
      -1.1969992213328255,
      -0.8
    ],
    [
      -0.30435637190942333,
      1.1251629460530745,
      -1.2122519632435242,
      -0.063043318090804323,
      -1.8900535070558304,
      4.1931143512463125,
      3.8383088148709432,
      1
    ],
    [
      0,
      0,
      0,
      0,
      0,
      0,
      0,
      0
    ],
    [
      0.0220239014275653,
      -0.0927807808181208,
      0.41071359974972688,
      -0.93483363112856344,
      0.52148829704947985,
      0.58141928138987276,
      -0.47813756935825291,
      -1.05
    ],
    [
      -434.51303656627715,
      516.81882446957752,
      -203.19948284728889,
      34.854490209188953,
      -2.8524263367025746,
      -5.0104751876151976,
      3.1693383116281129,
      7.5
    ],
    [
      0,
      0,
      0,
      0,
      0,
      0,
      0,
      0
    ],
    [
      15.666075883797021,
      -18.685769609866838,
      6.469720074434008,
      -0.50689787456735758,
      0.34046558896126894,
      -0.25605502266922819,
      0.0419381788857,
      -1
    ]
  ]
}