{
  "hover_time": {
    "seconds": 2
  },
  "waypoints": [
    [
      0,
      0.1,
      0.2,
      1,
      15,
      19
    ],
    [
      0,
      0,
      0,
      0,
      0,
      0
    ],
    [
      0,
      -0.5,
      -0.8,
      -1.1,
      -0.95,
      -0.8
    ]
  ],
  "waypoint_times": [
    0,
    0.48150000000000004,
    0.7383,
    1.30005,
    3.29025,
    4.63845
  ],
  "piecewise_polynomial_coefficients": [
    [
      -52.842760859727484,
      100.45429847301202,
      -68.743929033556554,
      17.570033048121083,
      0,
      0,
      0,
      0
    ],
    [
      0,
      0,
      0,
      0,
      0,
      0,
      0,
      0
    ],
    [
      270.70950087279596,
      -514.63368181076794,
      354.30163179099628,
      -90.804441865381,
      0,
      0,
      0,
      0
    ],
    [
      -81.450819508997881,
      83.690188598309476,
      -36.123568458238083,
      9.9033885575324625,
      -0.67119295972192916,
      -0.026989712632993743,
      0.35988037704393583,
      0.1
    ],
    [
      0,
      0,
      0,
      0,
      0,
      0,
      0,
      0
    ],
    [
      412.01200164644769,
      -424.71172582377352,
      181.75530278812079,
      -46.322669509550977,
      6.8194321596262428,
      1.4015315506874737,
      -1.627661057686381,
      -0.5
    ],
    [
      -0.56481179333370513,
      1.0896444018141533,
      -0.99646304245135742,
      0.10073408301956976,
      1.62752002934979,
      0.80611009795211963,
      0.49586925650149261,
      0.2
    ],
    [
      0,
      0,
      0,
      0,
      0,
      0,
      0,
      0
    ],
    [
      1.1084350625184687,
      -2.5157947748073282,
      1.3253383615251124,
      1.4037412349500968,
      -2.0391804790617551,
      1.0639911980565655,
      -0.76316738942516527,
      -0.8
    ],
    [
      -0.014332068082052715,
      0.087824854596615487,
      -0.091857292338998642,
      -0.55479400002219359,
      0.60403263705893462,
      2.9373167125786304,
      2.759060558626818,
      1
    ],
    [
      0,
      0,
      0,
      0,
      0,
      0,
      0,
      0
    ],
    [
      7.1561617310663891E-6,
      -0.00064301958945860507,
      0.02334243876700038,
      -0.14448159540517375,
      0.2411593832980008,
      0.17892788298253304,
      -0.44357509840329268,
      -1.1
    ],
    [
      -0.76997232239746438,
      3.1198755061967915,
      -4.2580776072437061,
      2.7810989032246312,
      -1.4743218987454241,
      -2.611845982367281,
      7.1479509938015173,
      15
    ],
    [
      0,
      0,
      0,
      0,
      0,
      0,
      0,
      0
    ],
    [
      -0.0178213433672203,
      0.0719593814570949,
      -0.11040026715345697,
      0.11544048805413354,
      -0.081908639481031428,
      -0.1214165216985793,
      0.29218244922281544,
      -0.95
    ]
  ]
}