{
  "hover_time": {
    "seconds": 15
  },
  "waypoints": [
    [
      0,
      0.1,
      0.8,
      1.8,
      2.5,
      3.3,
      4.9,
      8.1,
      12.1,
      16.1,
      20.1,
      24.1,
      28.1,
      32.1,
      36.1,
      40.1,
      44.1,
      48.1,
      52.1,
      56.1,
      60.1,
      64.1,
      68.1,
      80
    ],
    [
      0,
      0,
      0,
      0,
      0,
      0,
      0,
      0,
      0,
      0,
      0,
      0,
      0,
      0,
      0,
      0,
      0,
      0,
      0,
      0,
      0,
      0,
      0,
      0
    ],
    [
      0,
      -0.5,
      -1,
      -1,
      -1,
      -1,
      -1.2,
      -1.2,
      -1.2,
      -1.2,
      -1.2,
      -1.2,
      -1.2,
      -1.2,
      -1.2,
      -1.2,
      -1.2,
      -1.2,
      -1.2,
      -1.2,
      -1.2,
      -1.2,
      -1.2,
      -1
    ]
  ],
  "waypoint_times": [
    0,
    2,
    4,
    6,
    8,
    10.5,
    13,
    15.1,
    17.1,
    19,
    20.8,
    22.5,
    24.1,
    25.6,
    27,
    28.4,
    29.7,
    31.099999999999998,
    32.599999999999994,
    34.199999999999996,
    35.9,
    37.699999999999996,
    39.599999999999994,
    54.599999999999994
  ],
  "piecewise_polynomial_coefficients": [
    [
      -0.00012983986741354797,
      0.0010325618507201016,
      -0.0045202785163819216,
      0.012199028569191807,
      0,
      0,
      0,
      0
    ],
    [
      0,
      0,
      0,
      0,
      0,
      0,
      0,
      0
    ],
    [
      0.010497042365030291,
      -0.083478562528305683,
      0.24266184870532792,
      -0.26663578621767625,
      0,
      0,
      0,
      0
    ],
    [
      -1.3116474840163365E-5,
      0.00010430983633821604,
      0.00013174591395083597,
      -0.0054991238657908417,
      0.0092806582618862564,
      0.091716857620969372,
      0.16883024764057428,
      0.1
    ],
    [
      0,
      0,
      0,
      0,
      0,
      0,
      0,
      0
    ],
    [
      0.0010604153927864265,
      -0.0084330399107158914,
      0.028720468185403671,
      -0.063658625422321716,
      0.095161378359781029,
      0.032846489709029633,
      -0.44460628844049377,
      -0.5
    ],
    [
      -1.3248825107759128E-6,
      1.0536522822400941E-5,
      0.0007010947696687623,
      -0.0014031360744409468,
      -0.020098148202780303,
      0.042181597157965857,
      0.49578459452640355,
      0.8
    ],
    [
      0,
      0,
      0,
      0,
      0,
      0,
      0,
      0
    ],
    [
      0.00010711156389585716,
      -0.00085183658649030664,
      0.0026400683513773827,
      -0.0010870543185395327,
      -0.020742663356787882,
      0.062314769944961386,
      -0.054799914858124882,
      -1
    ],
    [
      -1.3235338802833124E-7,
      1.0554128996921076E-6,
      -0.00093923219667967246,
      0.0058884656956707093,
      -0.0023355365660580928,
      -0.054356531841746838,
      0.43594989693329261,
      1.8
    ],
    [
      0,
      0,
      0,
      0,
      0,
      0,
      0,
      0
    ],
    [
      1.0700246350698944E-5,
      -8.5325955704897627E-5,
      -0.00036129869453191714,
      0.0026238477600179942,
      -0.00014774190682968424,
      -0.0094868555502659376,
      0.006400290576323458,
      -1
    ],
    [
      -4.9237079694430461E-9,
      4.8944161552214732E-8,
      0.00076325753592599438,
      -0.0034758178468193568,
      0.0072976492987192609,
      -0.0020207926572901815,
      0.30393300225952469,
      2.5
    ],
    [
      0,
      0,
      0,
      0,
      0,
      0,
      0,
      0
    ],
    [
      3.9806332311377991E-7,
      -3.9569524846778817E-6,
      0.000586879189680847,
      -0.0032559353210430643,
      -0.001268922564330986,
      0.010407479865166432,
      0.0101503251211313,
      -1
    ],
    [
      -5.0174541806763135E-10,
      4.9772507594364121E-9,
      -0.0012287811127088652,
      0.0060669385019083526,
      0.020251630244421483,
      0.041645978587550057,
      0.36251534906313809,
      3.3
    ],
    [
      0,
      0,
      0,
      0,
      0,
      0,
      0,
      0
    ],
    [
      4.0563174143502323E-8,
      -4.0238375272798679E-7,
      -0.00064017392137185865,
      0.003915358569440139,
      0.0021593531284027105,
      -0.031009326565934588,
      -0.052113932311927527,
      -1
    ],
    [
      -1.0991923712379281E-10,
      9.1758197741376168E-10,
      0.0010814268451408322,
      -0.0092926175860374334,
      0.0041230651300458148,
      0.22904823776938163,
      1.089652713260008,
      4.9
    ],
    [
      0,
      0,
      0,
      0,
      0,
      0,
      0,
      0
    ],
    [
      8.8899249036159238E-9,
      -7.41885430428045E-8,
      0.00066277389130652139,
      -0.0041036167067726136,
      0.0012317812789812569,
      0.031832007503589804,
      -0.047163202311294346,
      -1.2
    ],
    [
      -1.2852961262573709E-11,
      1.0350334023016827E-10,
      0.0001728811003229181,
      0.0020623912458044885,
      -0.026243903587589039,
      0.10929200029556785,
      1.8671263836980785,
      8.1
    ],
    [
      0,
      0,
      0,
      0,
      0,
      0,
      0,
      0
    ],
    [
      1.1183631545797976E-9,
      -8.8883072639186E-9,
      -0.00042222017041332305,
      0.0028533286816207386,
      -0.0040179604280099939,
      -0.0076239962754076126,
      0.015248940387095782,
      -1.2
    ],
    [
      -6.1135154555934379E-13,
      5.9389851977259545E-12,
      -0.00065361774366484715,
      0.0037912050322231167,
      -0.0028295202453368345,
      0.015156472898849331,
      2.0691945638354547,
      12.1
    ],
    [
      0,
      0,
      0,
      0,
      0,
      0,
      0,
      0
    ],
    [
      1.4228261396766889E-10,
      -1.074229193445686E-9,
      0.00021151095083217812,
      -0.001369109981112655,
      0.0019190663626144904,
      0.0029691342286416434,
      -0.0059348712001739837,
      -1.2
    ],
    [
      -3.2598619983947863E-13,
      2.2983101966717046E-12,
      0.00053835974977306175,
      -0.0024181633582146191,
      0.0023880379893869339,
      0.036314068303852289,
      2.1575708995533489,
      16.1
    ],
    [
      0,
      0,
      0,
      0,
      0,
      0,
      0,
      0
    ],
    [
      1.832880622585709E-11,
      -1.3109418842897728E-10,
      -0.00010444831933688689,
      0.00064021820430341849,
      -0.00085070663311825683,
      -0.001239709585495991,
      0.0023504727084622734,
      -1.2
    ],
    [
      -8.8770440651031457E-13,
      4.712861611383401E-12,
      -0.00077259002196950269,
      0.0024270744402490082,
      0.0024201178506257914,
      0.033597518601338645,
      2.2833597866120092,
      20.1
    ],
    [
      0,
      0,
      0,
      0,
      0,
      0,
      0,
      0
    ],
    [
      2.3938423807231754E-12,
      -1.6170311007627884E-11,
      5.1865455526959122E-5,
      -0.00029981950088021176,
      0.00037473033490026083,
      0.00052087713413910021,
      -0.00092863388736198836,
      -1.2
    ],
    [
      -4.571647314183247E-12,
      2.6223141713632714E-11,
      0.0017630616469365423,
      -0.0041399406311653612,
      -0.0034036273871077541,
      0.0500682429799616,
      2.4340068931605323,
      24.1
    ],
    [
      0,
      0,
      0,
      0,
      0,
      0,
      0,
      0
    ],
    [
      3.1604113687785495E-13,
      -2.0117966130885415E-12,
      -2.5959987019773E-5,
      0.00014103655957986222,
      -0.00016513149548234266,
      -0.00021871978518485705,
      0.00036513392340831662,
      -1.2
    ],
    [
      -1.0942344252917735E-11,
      5.816765472066443E-11,
      -0.0045048695589482088,
      0.0099645530534142844,
      0.015235131834662102,
      0.042356350057304273,
      2.5580286302227142,
      28.1
    ],
    [
      0,
      0,
      0,
      0,
      0,
      0,
      0,
      0
    ],
    [
      2.2551783811425915E-14,
      -1.624916157573833E-13,
      1.3087482071213133E-5,
