{
  "hover_time": {
    "seconds": 15
  },
  "waypoints": [
    [
      0,
      0.1,
      0.8,
      1.8,
      2.5,
      3.3,
      4.9,
      8.1,
      12.1,
      16.1,
      20.1,
      24.1,
      28.1,
      32.1,
      32.9,
      33.7,
      34.5
    ],
    [
      0,
      0.045,
      0.4,
      0.6,
      0,
      -1,
      -3,
      -7,
      -12,
      -17,
      -22,
      -27,
      -32,
      -37,
      -38,
      -39,
      -40
    ],
    [
      0,
      -0.5,
      -1,
      -1,
      -1,
      -1,
      -1.2,
      -1.2,
      -1.2,
      -1.2,
      -1.2,
      -1.2,
      -1.2,
      -1.2,
      -1.2,
      -1.2,
      -1.2
    ]
  ],
  "waypoint_times": [
    0,
    3.2,
    6.4,
    9.6000000000000014,
    12.8,
    16.8,
    20.8,
    24.8,
    28.8,
    32.800000000000004,
    36.800000000000004,
    40.800000000000004,
    44.800000000000004,
    48.800000000000004,
    52.800000000000004,
    56.800000000000004,
    60.800000000000004
  ],
  "piecewise_polynomial_coefficients": [
    [
      -3.9661526295005764E-6,
      5.04658297085575E-5,
      -0.00038311802276995031,
      0.0017928447824179356,
      0,
      0,
      0,
      0
    ],
    [
      7.0629505305516462E-6,
      -8.9869879457404731E-5,
      0.00032868620962756787,
      6.6186374233302692E-5,
      0,
      0,
      0,
      0
    ],
    [
      0.00039111872004594705,
      -0.0049766442610266644,
      0.023146081862566073,
      -0.0406911745277952,
      0,
      0,
      0,
      0
    ],
    [
      -4.0066230849259825E-7,
      5.09807951964503E-6,
      2.5642088277509851E-5,
      -0.00089570694659786413,
      0.0022345702323979611,
      0.036040936780500063,
      0.10591833676519835,
      0.1
    ],
    [
      7.1350207285898027E-7,
      -9.0786934935401919E-6,
      5.8481491454007248E-5,
      -0.00080318905009743547,
      0.0015286707091775329,
      0.02018588151308362,
      0.053155948069098881,
      0.045
    ],
    [
      3.9510968585618719E-5,
      -0.00050274272103529574,
      0.0027400999797678061,
      -0.0097183083025493989,
      0.023230126332696308,
      0.012848706861305995,
      -0.27784525179594127,
      -0.5
    ],
    [
      -4.0470521971250304E-8,
      5.149661888400372E-7,
      5.2030021561257338E-5,
      -0.00013778837483174568,
      -0.0047340885332071321,
      0.016058322246003464,
      0.30852040258288166,
      0.8
    ],
    [
      7.207017591294104E-8,
      -9.1705523150767258E-7,
      0.00013304531298464329,
      -0.00048657396936608904,
      -0.0060948929516810441,
      -0.0045755070351974373,
      0.14177689786713885,
      0.4
    ],
    [
      3.9909658302792705E-6,
      -5.0782949568401803E-5,
      0.00025052553885410563,
      -0.00015943657071042041,
      -0.0050495647846867976,
      0.024306394557067144,
      -0.0343633450309334,
      -1
    ],
    [
      -4.0429374928237683E-9,
      5.1582745012228662E-8,
      -5.7677215465675585E-5,
      0.00072980697395875658,
      -0.0009809447448332956,
      -0.020280648906903159,
      0.27581356292890308,
      1.8
    ],
    [
      7.1996728206243522E-9,
      -9.1858680069942852E-8,
      -0.00017185667420854009,
      0.0015796180072992366,
      0.00096429767225271132,
      -0.050319861548506407,
      -0.0700682036018258,
      0.6
    ],
    [
      3.98689714420107E-7,
      -5.0867746151379953E-6,
      -3.1756385353880261E-5,
      0.00038613616719892439,
      -7.0743087689606021E-5,
      -0.0036256106696658679,
      0.00428210029504112,
      -1
    ],
    [
      -1.5039176225908435E-10,
      2.3919979063615187E-9,
      2.3439691460408452E-5,
      -0.00018952034363698734,
      0.0024734052806336254,
      -0.0037054035773877868,
      0.18137403739710944,
      2.5
    ],
    [
      2.678164639486984E-10,
      -4.2596546952688649E-9,
      6.1799786526270948E-5,
      -0.0011763360663180247,
      0.00355150713660345,
      -0.00041861774630348091,
      -0.2456816153966406,
      0
    ],
    [
      1.4830450293793562E-8,
      -2.3588066524146304E-7,
      5.1659648523079261E-5,
      -0.00046791628007521679,
      -0.00025052498860247518,
      0.0038220642316237944,
      0.0056227110708498614,
      -1
    ],
    [
      -1.5207955099634403E-11,
      2.4182981102263674E-10,
      -4.7210939653744642E-5,
      0.00027952835179899426,
      0.0031931446632492127,
      0.022788860583264681,
      0.25195024374925623,
      3.3
    ],
    [
      2.7074084788164722E-11,
      -4.3054868986713585E-10,
      3.0217176930770598E-5,
      5.9205800585718636E-5,
      -0.00538495680277489,
      -0.031187529045569651,
      -0.30061501351868736,
      -1
    ],
    [
      1.4981798909420421E-9,
      -2.3828788751545566E-8,
      -5.1844301499077468E-5,
      0.00054014381880286956,
      0.00035931187701413576,
      -0.011628891215452006,
      -0.030512224255189464,
      -1
    ],
    [
      -1.6731741961709384E-12,
      2.6092780117548814E-11,
      4.3656748991687346E-5,
      -0.000664664666680651,
      0.00011202122629516551,
      0.057726918531106043,
      0.59866237731484073,
      4.9
    ],
    [
      2.9061127385565568E-12,
      -4.5573017988477169E-11,
      -4.2620712139643312E-5,
      0.00066350345481651536,
      0.00039677579700144079,
      -0.070785331692776,
      -0.75476037001806018,
      -3
    ],
    [
      1.5134689205647761E-10,
      -2.4071963140590903E-9,
      3.9923127219819942E-5,
      -0.00049928114706122633,
      0.00068944758022855155,
      0.011297019265952854,
      -0.034483720451667844,
      -1.2
    ],
    [
      -1.4957299442180916E-12,
      1.8691612934361185E-11,
      -4.4468305336345056E-6,
      0.00020847316637838113,
      -0.0035375151947909696,
      0.023203748816375991,
      0.95158134080585244,
      8.1
    ],
    [
      1.95197181697735E-12,
      -2.4673576624488405E-11,
      4.3246477559030013E-7,
      -0.00018891573507122172,
      0.0041934848369947555,
      -0.029605058743198867,
      -1.1866956090866667,
      -7
    ],
    [
      1.5289197416572682E-11,
      -2.4317689592743522E-10,
      -2.1561504785273577E-5,
      0.0002989249127418747,
      -0.00091307556070762872,
      -0.0028157875387739922,
      0.012261096324558449,
      -1.2
    ],
    [
      -1.3245047190405988E-11,
      1.6027002115856157E-10,
      7.5043738681146639E-7,
      0.00011953926469979154,
      -0.00091342689461977643,
      -0.0020789414787629971,
      1.0150878614523311,
      12.1
    ],
    [
      1.6564755352165093E-11,
      -2.0047134277319332E-10,
      1.2682958046651206E-6,
      -0.00018026996528837028,
      0.0012400133474561813,
      0.0028575734190062368,
      -1.2700577757493992,
      -12
    ],
    [
      1.5450741308341206E-12,
      -2.4572522690252023E-11,
      9.4734325942476911E-6,
      -0.00013233109327227664,
      0.00041970800229867793,
      0.0011241292729943118,
      -0.0051678350698195945,
      -1.2
    ],
    [
      -1.3090919847803448E-10,
      1.58334249200252E-9,
      -3.2670890215315469E-5,
      0.00013457218563139221,
      0.0011193577925021595,
      -0.0010836842599674821,
      0.98617505523595783,
      16.1
    ],
    [
      1.6363862124364715E-10,
      -1.9792069388160612E-9,
      3.9888625032863596E-5,
      -0.0001549342800157066,
      -0.0014414869515726773,
      0.0012431126341727052,
      -1.2322029969548232,
      -17
    ],
    [
      1.6154811719238152E-13,
      -2.5484147733250372E-12,
      -4.0871983045232353E-6,
      5.7134940133379232E-5,
      -0.00018185788394297584,
      -0.0004802239264528322,
      0.002220310394197374,
      -1.2
    ],
    [
      -1.2957587620234066E-9,
      1.5672047118820559E-8,
      9.0333961927575738E-5,
      -0.00051860667217978147,
      -0.0019539759398967049,
      0.0043614342965402064,
      1.023872469869878,
      20.1
    ],
    [
      1.6197112346994305E-9,
      -1.9590213855248065E-8,
