{
  "hover_time": {
    "seconds": 5
  },
  "waypoints": [
    [
      0,
      0.1,
      0.2,
      1,
      15,
      30,
      45,
      60,
      75,
      90,
      105,
      120,
      135,
      140,
      142
    ],
    [
      0,
      0,
      0,
      0,
      0,
      0,
      0,
      0,
      0,
      0,
      0,
      0,
      0,
      0,
      0
    ],
    [
      0,
      -0.5,
      -0.8,
      -1.1,
      -0.95,
      -1,
      -0.95,
      -1,
      -0.95,
      -1,
      -0.95,
      -1,
      -0.95,
      -1.2,
      -1
    ]
  ],
  "waypoint_times": [
    0,
    0.60000000000000009,
    0.91999999999999993,
    1.62,
    4.1000000000000005,
    6.58,
    9.06,
    11.54,
    14.02,
    16.5,
    18.98,
    21.460000000000004,
    23.940000000000005,
    27.940000000000005,
    31.940000000000005
  ],
  "piecewise_polynomial_coefficients": [
    [
      -11.562634630714321,
      27.390907284925007,
      -23.323375288960719,
      7.40243256930933,
      0,
      0,
      0,
      0
    ],
    [
      0,
      0,
      0,
      0,
      0,
      0,
      0,
      0
    ],
    [
      58.030472715278613,
      -137.4693007784818,
      117.93227785351135,
      -37.66302522971155,
      0,
      0,
      0,
      0
    ],
    [
      -17.59899348478649,
      22.605850329124578,
      -12.337694497523135,
      4.2510131653431289,
      -0.31770408796038863,
      -0.022632359124076139,
      0.28539228617706663,
      0.1
    ],
    [
      0,
      0,
      0,
      0,
      0,
      0,
      0,
      0
    ],
    [
      88.325709859911328,
      -113.4540892310133,
      60.503704007567194,
      -19.215465093757615,
      3.5237845947956439,
      0.9027056791803596,
      -1.3061265755756111,
      -0.5
    ],
    [
      -0.047683319850668981,
      0.13462755343664945,
      -0.14556201348691311,
      -0.14576873527734463,
      0.84590490260493478,
      0.55687040615667438,
      0.40648561390041776,
      0.2
    ],
    [
      0,
      0,
      0,
      0,
      0,
      0,
      0,
      0
    ],
    [
      0.23931272444800455,
      -0.67566785850612,
      0.44251331732111421,
      0.58445993415156117,
      -1.0538129001788397,
      0.68443555858116722,
      -0.61262060913285565,
      -0.8
    ],
    [
      -1.4267299039087862E-5,
      0.0001406926642303491,
      0.026704711009678611,
      -0.21753083613972574,
      0.24733681595252272,
      1.7219972004400834,
      2.1513343405141954,
      1
    ],
    [
      0,
      0,
      0,
      0,
      0,
      0,
      0,
      0
    ],
    [
      7.160461643973548E-5,
      -0.00070610732830175306,
      0.009455490284052074,
      -0.063494092593373908,
      0.12697314086601919,
      0.11879064217036898,
      -0.35467218612683832,
      -1.1
    ],
    [
      -1.4412942378992655E-6,
      1.4212875392029256E-5,
      -0.01372643830748195,
      0.11936999626067274,
      -0.24409218001041916,
      -0.34023609626187018,
      7.0909252948290789,
      15
    ],
    [
      0,
      0,
      0,
      0,
      0,
      0,
      0,
      0
    ],
    [
      7.2335345704499076E-6,
      -7.1331320902882824E-5,
      -0.00281588757369456,
      0.024833615565086505,
      -0.041941144923324486,
      -0.096956873673898658,
      0.21098622192047936,
      -0.95
    ],
    [
      -1.4566132087133477E-7,
      1.4362505817069188E-6,
      0.0058417183094236109,
      -0.050255714414151872,
      0.098254883230701945,
      0.16029001902691847,
      5.5920330438441033,
      30
    ],
    [
      0,
      0,
      0,
      0,
      0,
      0,
      0,
      0
    ],
    [
      7.3072934655377488E-7,
      -7.2058814569509778E-6,
      0.001674788102869037,
      -0.013004940873383912,
      0.019036559108538631,
      0.051690158636477253,
      -0.089595419149049435,
      -1
    ],
    [
      -1.5314303044601778E-8,
      1.4958664504034075E-7,
      -0.0026888555546314835,
      0.022240425646482705,
      -0.040747468202188976,
      -0.071685314504745468,
      6.2392488694362589,
      45
    ],
    [
      0,
      0,
      0,
      0,
      0,
      0,
      0,
      0
    ],
    [
      7.37589457509147E-8,
      -7.2749410620935248E-7,
      -0.001012045853642912,
      0.0074672976908055945,
      -0.0081970557103486739,
      -0.033785200075530208,
      0.038476716475240286,
      -0.95
    ],
    [
      -7.4813995638498259E-9,
      5.9611486737473239E-8,
      0.001564969027778271,
      -0.011095179084747194,
      0.014527539537270104,
      0.035802389988534286,
      5.9802790756025166,
      60
    ],
    [
      0,
      0,
      0,
      0,
      0,
      0,
      0,
      0
    ],
    [
      6.8601269961906619E-9,
      -6.9059729575725575E-8,
      0.00074395766843099811,
      -0.0051118594991710941,
      0.003509393836450088,
      0.026155159235567681,
      -0.016453645095227093,
      -1
    ],
    [
      -5.94946544509793E-8,
      4.4649485151770224E-7,
      -0.0016218838712356402,
      0.0083136450847929172,
      0.00072349809870014229,
      -0.026827766418559634,
      6.0449858305448139,
      75
    ],
    [
      0,
      0,
      0,
      0,
      0,
      0,
      0,
      0
    ],
    [
      -5.1576263198258688E-9,
      3.6896334734080318E-8,
      -0.00063126611563614368,
      0.0041104634457028244,
      -0.001455864774483717,
      -0.022924701418194277,
      0.0068261610610222167,
      -0.95
    ],
    [
      -5.8745253615094008E-7,
      4.4052277124017464E-6,
      0.0028753127787650885,
      -0.011771838076367572,
      -0.016500049154420042,
      0.038098837341704841,
      6.1258973797295413,
      90
    ],
    [
      0,
      0,
      0,
      0,
      0,
      0,
      0,
      0
    ],
    [
      -5.8436414245424515E-8,
      4.3802329678327645E-7,
      0.00059130743085415,
      -0.0037149692373753345,
      0.00049896853134123015,
      0.021653435406729905,
      -0.0023388205045946227,
      -1
    ],
    [
      -5.8150197343172054E-6,
      4.3605683250617921E-5,
      -0.0062175851407744662,
      0.024137596202122094,
      0.044132648848430767,
      -0.079157113749513355,
      5.837550088916128,
      105
    ],
    [
      0,
      0,
      0,
      0,
      0,
      0,
      0,
      0
    ],
    [
      -5.7920648637176056E-7,
      4.3433363743128936E-6,
      -0.0006069105699072542,
      0.00364266656374787,
      7.0501782862853992E-5,
      -0.02140002778972486,
      -0.00039924090835371075,
      -0.95
    ],
    [
      -5.7562743650420474E-5,
      0.00043165159503033568,
      0.0075303613080499529,
      -0.050430781798079818,
      -0.093225262384143984,
      0.20484372568139997,
      6.57101156975326,
      120
    ],
    [
      0,
      0,
      0,
      0,
      0,
      0,
      0,
      0
    ],
    [
      -5.733628437849415E-6,
      4.2995340341421811E-5,
      0.00045720259270411829,
      -0.0036310550780931758,
      -0.0005635421460945632,
      0.02229901462945914,
      0.0037158744310512052,
      -1
    ],
    [
      -6.98159688015228E-5,
      0.00085057082697696177,
      -0.0086670126113823735,
      0.062451473671026353,
      -0.074882462557031348,
      -1.0696413077518288,
      4.3635272268740364,
      135
    ],
    [
      0,
      0,
      0,
      0,
      0,
      0,
      0,
      0
    ],
    [
      -6.9541312334587261E-6,
      8.4722467566039942E-5,
      -0.000703370549138355,
      0.00398116071711132,
      -0.002938761632386475,
      -0.033050815313744576,
      -0.016279663197921051,
      -0.95
    ],
    [
      -0.00067527259427710429,
      0.0081679369302709581,
      -0.029166878210906688,
      0.016336563205857857,
      0.000798676427515136,
      0.24509192518283496,
      0.32998338280753714,
      140
    ],
    [
      0,
      0,
      0,
      0,
      0,
      0,
      0,
      0
    ],
    [
      -6.7261606831378216E-5,
      0.00081358042227877569,
      -0.0029653433875766605,
