{
  "hover_time": {
    "seconds": 2
  },
  "waypoints": [
    [
      0.100163,
      0.100163
    ],
    [
      0.188855,
      0.188855
    ],
    [
      0.199879,
      -0.8001
    ]
  ],
  "waypoint_times": [
    0,
    8
  ],
  "piecewise_polynomial_coefficients": [
    [
      0,
      0,
      0,
      0,
      0,
      0,
      0,
      0.100163
    ],
    [
      0,
      0,
      0,
      0,
      0,
      0,
      0,
      0.188855
    ],
    [
      9.5365428924560555E-6,
      -0.00026702320098876954,
      0.0025634227294921872,
      -0.0085447424316406253,
      0,
      0,
      0,
      0.199879
    ]
  ]
}