{
  "hover_time": {
    "seconds": 2
  },
  "waypoints": [
    [
      0,
      0.1,
      0.2,
      1,
      15.25,
      16.25
    ],
    [
      0,
      0,
      0,
      0,
      0,
      0
    ],
    [
      0,
      -0.5,
      -0.8,
      -1.1,
      -1,
      -0.9
    ]
  ],
  "waypoint_times": [
    0,
    0.51,
    0.782,
    1.377,
    3.4850000000000003,
    4.233
  ],
  "piecewise_polynomial_coefficients": [
    [
      -32.356440846730152,
      65.150800821744625,
      -47.538569771912094,
      13.069214206341433,
      0,
      0,
      0,
      0
    ],
    [
      0,
      0,
      0,
      0,
      0,
      0,
      0,
      0
    ],
    [
      180.86268561088414,
      -364.18144429767324,
      265.57862568343972,
      -72.10388495391102,
      0,
      0,
      0,
      0
    ],
    [
      -49.760462239476311,
      54.186144004000539,
      -23.552055744808136,
      6.6853589608519037,
      -0.75448449016100194,
      0.0052097711069253733,
      0.35590847310449525,
      0.1
    ],
    [
      0,
      0,
      0,
      0,
      0,
      0,
      0,
      0
    ],
    [
      275.19398838658429,
      -300.48796137995805,
      136.15571994837399,
      -36.746794545361581,
      5.7477722911398192,
      1.2478855734588858,
      -1.5374640271853697,
      -0.5
    ],
    [
      -0.30740812601398915,
      0.63676656371759144,
      -1.3104571383614694,
      1.2256790873084009,
      1.3699244137246525,
      0.51082046975068462,
      0.42782771213047838,
      0.2
    ],
    [
      0,
      0,
      0,
      0,
      0,
      0,
      0,
      0
    ],
    [
      0.71549139767736047,
      -1.7347078375695895,
      0.99467381507441388,
      1.0682462624990929,
      -1.7166973864067807,
      0.95815419199928964,
      -0.71862031561386941,
      -0.8
    ],
    [
      -0.0071950129675215479,
      0.046713359415204131,
      0.13071597618503372,
      -1.2595315686569033,
      0.98182609056035741,
      3.5149607960461817,
      2.8916114598600475,
      1
    ],
    [
      0,
      0,
      0,
      0,
      0,
      0,
      0,
      0
    ],
    [
      -0.0010259133693621535,
      0.0062258451469172638,
      -0.0074477667412145843,
      -0.061829897752562313,
      0.17760784229973686,
      0.1174252104147972,
      -0.4322142000384418,
      -1.1
    ],
    [
      -7.6633009930492335,
      17.059404443542007,
      -13.239716083592612,
      5.1139560523809,
      -0.051039996962644468,
      -4.06628575915625,
      3.7590626532992211,
      15.25
    ],
    [
      0,
      0,
      0,
      0,
      0,
      0,
      0,
      0
    ],
    [
      -1.3481997691513641,
      2.9996259043790019,
      -2.1710940357835966,
      0.678117791890358,
      -0.21733977453133338,
      -0.15826796043152525,
      0.30328001141753896,
      -1
    ]
  ]
}