{
  "hover_time": {
    "seconds": 10
  },
  "waypoints": [
    [
      0,
      0.1,
      0.2,
      1,
      15,
      30,
      45,
      60,
      75,
      90,
      105,
      120,
      135,
      150,
      165,
      180,
      195,
      210,
      225,
      240,
      270,
      300,
      300
    ],
    [
      0,
      0,
      0,
      0,
      0,
      0,
      0,
      0,
      0,
      0,
      0,
      0,
      0,
      0,
      0,
      0,
      0,
      0,
      0,
      0,
      30,
      60,
      100
    ],
    [
      0,
      -0.5,
      -0.8,
      -1.1,
      -0.95,
      -1,
      -0.95,
      -1,
      -0.95,
      -1,
      -0.95,
      -1,
      -0.95,
      -1,
      -0.95,
      -1,
      -0.95,
      -1,
      -0.95,
      -1,
      -0.95,
      -1,
      -0.95
    ]
  ],
  "waypoint_times": [
    0,
    0.60000000000000009,
    0.91999999999999993,
    1.62,
    4.1000000000000005,
    6.58,
    9.06,
    11.54,
    14.02,
    16.5,
    18.98,
    21.460000000000004,
    23.940000000000005,
    26.420000000000005,
    28.900000000000006,
    31.38000000000001,
    33.860000000000007,
    36.340000000000011,
    38.820000000000014,
    41.300000000000011,
    44.500000000000014,
    47.700000000000017,
    50.900000000000013
  ],
  "piecewise_polynomial_coefficients": [
    [
      -11.562993453904685,
      27.391757306831359,
      -23.324047613051739,
      7.4026074616867694,
      0,
      0,
      0,
      0
    ],
    [
      3.4175573484712129E-6,
      -8.0959054283169145E-6,
      6.4034493940419372E-6,
      -1.6657360695008555E-6,
      0,
      0,
      0,
      0
    ],
    [
      58.03046987164926,
      -137.46929404216348,
      117.93227252542619,
      -37.663023843711123,
      0,
      0,
      0,
      0
    ],
    [
      -17.599539634283122,
      22.606551856389157,
      -12.338279735874661,
      4.2512446700739845,
      -0.31766024033821216,
      -0.022640312956378056,
      0.28538712461743887,
      0.1
    ],
    [
      5.2017184211466031E-6,
      -6.6815905223551718E-6,
      5.574014361333378E-6,
      -2.2049318782694137E-6,
      -4.1762006591475082E-7,
      7.5755076120201456E-8,
      4.9160496206807082E-8,
      0
    ],
    [
      88.325705531744589,
      -113.45408367150155,
      60.50369936962629,
      -19.215463259111495,
      3.5237849422826462,
      0.90270561614722977,
      -1.3061266164803313,
      -0.5
    ],
    [
      -0.047684799602638037,
      0.13463173132398545,
      -0.145456214668944,
      -0.14599745622689975,
      0.84590510737972446,
      0.556926868297257,
      0.40649851096567441,
      0.2
    ],
    [
      1.4093715297409719E-8,
      -3.97917430267023E-8,
      -1.007664821366234E-6,
      2.1784181687741064E-6,
      -1.9503455144230324E-9,
      -5.3776514198471247E-7,
      -1.228361528486557E-7,
      0
    ],
    [
      0.23931271272284987,
      -0.67566782540039361,
      0.44251415576628839,
      0.58445812156563914,
      -1.0538128985559951,
      0.684436006036619,
      -0.61262050692521486,
      -0.8
    ],
    [
      -1.4267741609369808E-5,
      0.00014069702892144747,
      0.026677645287065538,
      -0.21737567795629861,
      0.2472312414879643,
      1.7217543668827346,
      2.1512427863591825,
      1
    ],
    [
      4.2169719391299657E-12,
      -4.1584397174694153E-11,
      2.577834290785834E-7,
      -1.477780757318804E-6,
      1.0055280816973424E-6,
      2.3128315941649043E-6,
      8.719937410486878E-7,
      0
    ],
    [
      7.1604612998273684E-5,
      -0.00070610729421409718,
      0.0094552757929442979,
      -0.063492862985642981,
      0.12697230420209288,
      0.11878871774468892,
      -0.35467291168212861,
      -1.1
    ],
    [
      -1.4413350677003985E-6,
      1.4213290069476467E-5,
      -0.013682928832278892,
      0.11918971822673119,
      -0.24432248995232186,
      -0.33966542230397567,
      7.0920304204879985,
      15
    ],
    [
      4.2599933941240045E-13,
      -4.2008672625839654E-12,
      -4.1439889404831245E-7,
      1.7170305714757281E-6,
      2.1935523625223231E-6,
      -5.4352980849874021E-6,
      -1.0525602709740809E-5,
      0
    ],
    [
      7.2335348398411733E-6,
      -7.1331322096277545E-5,
      -0.0028155427544961872,
      0.024832186871079697,
      -0.041942970097240129,
      -0.0969523511525152,
      0.21099497990393573,
      -0.95
    ],
    [
      -1.4560573466514461E-7,
      1.4358456484110859E-6,
      0.0057474609069518116,
      -0.049896458825629708,
      0.09891229439878603,
      0.15913114652381397,
      5.5889495228077966,
      30
    ],
    [
      4.3021149594186963E-14,
      -4.2427227453836377E-13,
      8.9775210578235967E-7,
      -3.4216877714492252E-6,
      -6.26141145792046E-6,
      1.1037505917031863E-5,
      2.9368530248812595E-5,
      0
    ],
    [
      7.30735408245117E-7,
      -7.2059268321744463E-6,
      0.0016740412369444296,
      -0.013002093936716112,
      0.01904176904267596,
      0.05168097472455032,
      -0.089619855671008858,
      -1
    ],
    [
      -1.4709993059995703E-8,
      1.4505658530407938E-7,
      -0.0024727918460959648,
      0.021430864996961597,
      -0.042323498812786131,
      -0.069072848802350317,
      6.24663854696758,
      45
    ],
    [
      4.211767204736092E-15,
      -4.1853762574659778E-14,
      -2.0577599405482446E-6,
      7.710420964885784E-6,
      1.5010718893178104E-5,
      -2.488198525518884E-5,
      -7.0381838535733189E-5,
      0
    ],
    [
      7.381926718388447E-8,
      -7.2794643770057084E-7,
      -0.0010103324751902321,
      0.0074608808523291765,
      -0.0082095452230173359,
      -0.033764496486084546,
      0.038535278771568746,
      -0.95
    ],
    [
      -1.4873066522653802E-9,
      1.4664802936694865E-8,
      0.001064561110584793,
      -0.009225812750409311,
      0.018208867755456402,
      0.029769257326815929,
      5.9630181363129218,
      60
    ],
    [
      -9.0334940265167378E-16,
      5.7371527699288629E-15,
      4.7673912438741261E-6,
      -1.780580399478707E-5,
      -3.5062379710325239E-5,
      5.7460827362734037E-5,
      0.00016439848221967915,
      0
    ],
    [
      7.4572577293313477E-9,
      -7.3537499362247989E-8,
      0.0007400030697831977,
      -0.0050970566859397633,
      0.0035385707894272211,
      0.026107347767253174,
      -0.016590436368740139,
      -1
    ],
    [
      -1.5162183836692081E-10,
      1.4934069825221865E-9,
      -0.00045919649044997722,
      0.0039753456422202751,
      -0.0078339236751637144,
      -0.012828587077731586,
      6.0851179553762575,
      75
    ],
    [
      -1.3244816844464736E-14,
      9.9213841192389528E-14,
      -1.1067104160767489E-5,
      4.1309847835907892E-5,
      8.1517676278803275E-5,
      -0.00013331037250680319,
      -0.00038221537811275377,
      0
    ],
    [
      7.5333813919617534E-10,
      -7.428815643817422E-9,
      -0.00062194655508160488,
      0.0040759694690900971,
      -0.0015236429601998378,
      -0.022813735995334823,
      0.007144214205234832,
      -0.95
    ],
    [
      -1.6423653437426736E-11,
      1.6083360595825153E-10,
      0.00019957853074423654,
      -0.0017186296882591428,
      0.003359338986176943,
      0.0055461605304381566,
      6.0326360328390125,
      90
    ],
    [
      -1.3154663348221012E-13,
      9.8643526414930068E-13,
      2.5700888078573307E-5,
      -9.5922237994406349E-5,
      -0.00018935979476229049,
      0.00030954918571582369,
      0.00088785927611353835,
      0
    ],
    [
      7.6099217719992424E-11,
      -7.5043366606013458E-10,
      0.00057124320970992079,
      -0.0036364720792290747,
      0.00065650440547446415,
      0.02139522674745498,
      -0.0030781613861551151,
      -1
    ],
    [
      -1.7632111095941169E-12,
      1.7109031492601951E-11,
      -9.0261341090848026E-5,
      0.00075615063786627589,
      -0.0014145622459503576,
