{
  "hover_time": {
    "seconds": 2
  },
  "waypoints": [
    [
      0,
      0.1,
      0.2,
      1,
      15,
      19
    ],
    [
      0,
      0,
      0,
      0,
      0,
      0
    ],
    [
      0,
      -0.5,
      -0.8,
      -1.1,
      -0.95,
      -0.8
    ]
  ],
  "waypoint_times": [
    0,
    0.474,
    0.7268,
    1.2798,
    3.239,
    4.5662
  ],
  "piecewise_polynomial_coefficients": [
    [
      -58.980866486725937,
      110.37639965306791,
      -74.357383504498259,
      18.708733020436949,
      0,
      0,
      0,
      0
    ],
    [
      0,
      0,
      0,
      0,
      0,
      0,
      0,
      0
    ],
    [
      302.15455567159142,
      -565.46522949305188,
      383.2330022761173,
      -96.689406064130566,
      0,
      0,
      0,
      0
    ],
    [
      -90.911977875515845,
      91.956460161760049,
      -39.073327190134918,
      10.545219348579952,
      -0.70356016451285175,
      -0.027850574610926864,
      0.365574686811501,
      0.1
    ],
    [
      0,
      0,
      0,
      0,
      0,
      0,
      0,
      0
    ],
    [
      459.87046196731103,
      -466.6614756920041,
      196.59697864396276,
      -49.324805143612906,
      7.148288346502242,
      1.4462347030831511,
      -1.6534151883563808,
      -0.5
    ],
    [
      -0.63041915975540253,
      1.1972710722812216,
      -1.0778316781527879,
      0.10726257818161988,
      1.7060045747004553,
      0.83182172932084264,
      0.50371528903651575,
      0.2
    ],
    [
      0,
      0,
      0,
      0,
      0,
      0,
      0,
      0
    ],
    [
      1.2371885806236285,
      -2.764285582472314,
      1.4335621178767282,
      1.4947165983158861,
      -2.1375166900449107,
      1.0979281869864244,
      -0.775242822790674,
      -0.8
    ],
    [
      -0.015996851415567323,
      0.096499516648479444,
      -0.099358125219406235,
      -0.590749761314539,
      0.633161142966764,
      3.0310051612574185,
      2.8027165801293332,
      1
    ],
    [
      0,
      0,
      0,
      0,
      0,
      0,
      0,
      0
    ],
    [
      7.9874051378790722E-6,
      -0.00070653209546548551,
      0.025248522937898449,
      -0.15384533351722779,
      0.25278890806801391,
      0.18463495423079807,
      -0.45059369174209013,
      -1.1
    ],
    [
      -0.85941071226447718,
      3.4280327571237024,
      -4.6057813992108549,
      2.9613397279265712,
      -1.5454187095524112,
      -2.6951532393599913,
      7.2610514842054865,
      15
    ],
    [
      0,
      0,
      0,
      0,
      0,
      0,
      0,
      0
    ],
    [
      -0.019891433692409866,
      0.07906697440927779,
      -0.11941527229621229,
      0.12292209497148043,
      -0.085858552356389,
      -0.12528921459937248,
      0.29680558924694123,
      -0.95
    ]
  ]
}