{
  "hover_time": {
    "seconds": 10
  },
  "waypoints": [
    [
      0,
      0.1,
      0.2,
      1,
      15,
      30,
      45,
      60,
      75,
      90,
      105,
      120,
      135,
      150,
      165,
      180,
      195,
      210,
      225,
      240,
      255,
      265
    ],
    [
      0,
      0,
      0,
      0,
      0,
      0,
      0,
      0,
      0,
      0,
      0,
      0,
      3.75,
      7.5,
      15,
      22.5,
      30,
      37.5,
      45,
      52.5,
      61,
      65
    ],
    [
      0,
      -0.5,
      -0.8,
      -1.1,
      -0.95,
      -1,
      -0.95,
      -1,
      -0.95,
      -1,
      -0.95,
      -1,
      -0.95,
      -1,
      -0.95,
      -1,
      -0.95,
      -1,
      -1,
      -0.95,
      -1.4,
      -1
    ]
  ],
  "waypoint_times": [
    0,
    0.60000000000000009,
    0.91999999999999993,
    1.62,
    4.1000000000000005,
    6.58,
    9.06,
    11.54,
    14.02,
    16.5,
    18.98,
    21.460000000000004,
    23.940000000000005,
    26.420000000000005,
    28.900000000000006,
    31.38000000000001,
    33.860000000000007,
    36.340000000000011,
    38.820000000000014,
    41.300000000000011,
    45.300000000000011,
    51.300000000000011
  ],
  "piecewise_polynomial_coefficients": [
    [
      -11.562994182663033,
      27.391759033198344,
      -23.324048978520118,
      7.4026078168874889,
      0,
      0,
      0,
      0
    ],
    [
      0.00047567036767364097,
      -0.0011268230256505289,
      0.00089125969722495511,
      -0.00023184432851828927,
      0,
      0,
      0,
      0
    ],
    [
      58.0304697387903,
      -137.46929372743173,
      117.9322722764894,
      -37.66302377895493,
      0,
      0,
      0,
      0
    ],
    [
      -17.59954074349373,
      22.606553281169187,
      -12.338280924476017,
      4.2512451402527383,
      -0.3176601512851675,
      -0.022640329110350063,
      0.28538711413448103,
      0.1
    ],
    [
      0.00072399759876257738,
      -0.00092997257876002118,
      0.00077581535291548092,
      -0.00030689192609796914,
      -5.8126161476708082E-5,
      1.0543918138118397E-5,
      6.842369833728102E-6,
      0
    ],
    [
      88.325705329532781,
      -113.45408341174647,
      60.503699152937628,
      -19.215463173394149,
      3.5237849585178109,
      0.9027056132022202,
      -1.3061266183914664,
      -0.5
    ],
    [
      -0.047684802607960319,
      0.13463173980902229,
      -0.14545599979491153,
      -0.145997920751709,
      0.84590510779563455,
      0.55692698297001153,
      0.40649853715919038,
      0.2
    ],
    [
      1.9616240652414865E-6,
      -5.5383863706011483E-6,
      -0.00014025113432557319,
      0.00030320163357035445,
      -2.7145757079620244E-7,
      -7.4848471231380278E-5,
      -1.7096865403750797E-5,
      0
    ],
    [
      0.23931271217499003,
      -0.67566782385359136,
      0.44251419493976607,
      0.58445803687869413,
      -1.0538128984801691,
      0.68443602694246575,
      -0.6126205021499076,
      -0.8
    ],
    [
      -1.426774250816307E-5,
      0.00014069703778581667,
      0.026677590317471512,
      -0.21737536283511869,
      0.24723102706968986,
      1.7217538736957452,
      2.151242600415697,
      1
    ],
    [
      5.8693635785355778E-10,
      -5.7878958598395915E-9,
      3.5879408380402133E-5,
      -0.0002056838965035135,
      0.00013995373556084585,
      0.000321909874605917,
      0.00012136784892764676,
      0
    ],
    [
      7.1604612834346774E-5,
      -0.00070610729259761224,
      0.0094552657715049962,
      -0.063492805536292579,
      0.12697226511176424,
      0.11878862783238432,
      -0.35467294558125334,
      -1.1
    ],
    [
      -1.4413351590407254E-6,
      1.421329096523838E-5,
      -0.013682840466072713,
      0.11918935208801545,
      -0.24432295770425244,
      -0.33966426328387683,
      7.0920326649619678,
      15
    ],
    [
      5.9292617685759134E-11,
      -5.8469626464735994E-10,
      -5.76778103113867E-5,
      0.00023898370982878189,
      0.00030530804077681992,
      -0.00075650828760034363,
      -0.0014649988134596318,
      0
    ],
    [
      7.2335348232769146E-6,
      -7.1331321932974892E-5,
      -0.0028155266445641525,
      0.024832120120791178,
      -0.041943055372514054,
      -0.0969521398530075,
      0.21099538909118462,
      -0.95
    ],
    [
      -1.4560574479213895E-7,
      1.435845745408328E-6,
      0.0057472694707270894,
      -0.049895729186681025,
      0.098913629578833345,
      0.15912879289186452,
      5.5889432602778868,
      30
    ],
    [
      5.9897744808865266E-12,
      -5.90663334143266E-11,
      0.00012495267799766277,
      -0.00047624508571322583,
      -0.0008714894694254869,
      0.0015362492430673828,
      0.0040876398892231644,
      0
    ],
    [
      7.307354065658241E-7,
      -7.2059268156396635E-6,
      0.001674006336452345,
      -0.013001960917158889,
      0.019042012457689578,
      0.051680545636848027,
      -0.089620997385020856,
      -1
    ],
    [
      -1.4709994994604656E-8,
      1.4505660452325452E-7,
      -0.0024723530504914952,
      0.02142922083089447,
      -0.0423266996906005,
      -0.069067542980924393,
      6.2466535551537579,
      45
    ],
    [
      6.0506486378119294E-13,
      -5.9667636439379116E-12,
      -0.00028640023443258285,
      0.0010731657022505971,
      0.0020892386993214612,
      -0.0034632187964503212,
      -0.0097960765314255936,
      0
    ],
    [
      7.3819267003465433E-8,
      -7.27946436023477E-7,
      -0.0010102524789039724,
      0.0074605811064591557,
      -0.0082101287710515444,
      -0.033763529188403196,
      0.038538014895255289,
      -0.95
    ],
    [
      -1.4873080509103748E-9,
      1.4664818846410132E-8,
      0.0010635445145432561,
      -0.0092220158500641979,
      0.018216344438793441,
      0.029757004410253491,
      5.9629830800671835,
      60
    ],
    [
      6.08739377009821E-14,
      -6.0080441175017132E-13,
      0.00066336821901642371,
      -0.0024781974490930511,
      -0.0048797185720323944,
      0.00799850009765148,
      0.022882358429363765,
      0
    ],
    [
      7.457257651248709E-9,
      -7.3537498726592524E-8,
      0.000739817735433639,
      -0.00509636447779008,
      0.0035399338542402821,
      0.026105113953330629,
      -0.016596827429141481,
      -1
    ],
    [
      -1.5162987779784023E-10,
      1.4934746318890873E-9,
      -0.00045683654720928989,
      0.0039665367522674477,
      -0.0078513064615917671,
      -0.012800160044141673,
      6.085199458782153,
      75
    ],
    [
      3.7269629923783805E-15,
      -4.2763455384718258E-14,
      -0.0015362404213569321,
      0.005747568442132373,
      0.011336361572664761,
      -0.018574538467540175,
      -0.053213906395726589,
      0
    ],
    [
      7.5333753304452754E-10,
      -7.42881103163364E-9,
      -0.00062151631675784545,
      0.0040743635313391577,
      -0.0015268119942854689,
      -0.022808553498323364,
      0.007159072989422313,
      -0.95
    ],
    [
      -1.6504259340596772E-11,
      1.6143267018858889E-10,
      0.00019409808476636146,
      -0.0016981752784655975,
      0.0033997179684318339,
      0.0054801524249391944,
      6.0324467061946665,
      90
    ],
    [
      -2.3966542430118011E-14,
      1.7874763620272541E-13,
      0.0034814028870031443,
      -0.013301812784121387,
      -0.026132690364630135,
      0.043544432724769648,
      0.12393625987879509,
      0
    ],
    [
      7.6093223115127746E-11,
      -7.5038881184097721E-10,
      0.00057024407662341976,
      -0.0036327430615011023,
      0.00066386584735354673,
      0.021383192892113184,
      -0.0031126772903803911,
      -1
    ],
    [
      -2.5639938419453676E-12,
      2.3118045296700987E-11,
      -7.75333672699067E-5,
      0.00070864755241250015,
      -0.0015083447914640241,
      -0.0022868648573983784,
      6.0554593356668969,
