{
  "normalized_thrust_to_thrust_polynomial": [
    474.38534956372183,
    -1496.7377035961833,
    1804.2309340905622,
    -1061.3133392140433,
    316.1068384833909,
    -33.102487712309681,
    6.2571119597408353,
    0.046322637768972989
  ],
  "thrust_to_normalized_thrust_polynomial": [
    1.1397548468561201E-5,
    -0.00038436172518955446,
    0.0051947365478567029,
    -0.036003519831726248,
    0.13652913911293302,
    -0.2857385586886379,
    0.40625173135017634,
    -0.0586576952028257
  ],
  "normalized_thrust_to_rps_polynomial": [
    -4479.502173784761,
    0,
    9512.8235882135123,
    0,
    -6821.6115897712389,
    0,
    4570.664148941808,
    233.24081458152327
  ],
  "estimated_Ct": 0.19972258741297011
}