{
  "hover_time": {
    "seconds": 2
  },
  "waypoints": [
    [
      0,
      0.1,
      0.2,
      1,
      15.275,
      19
    ],
    [
      0,
      0,
      0,
      0,
      0,
      0
    ],
    [
      0,
      -0.5,
      -0.8,
      -1.1,
      -0.935,
      -0.8
    ]
  ],
  "waypoint_times": [
    0,
    0.471,
    0.7222,
    1.2717,
    3.21065,
    4.5294500000000006
  ],
  "piecewise_polynomial_coefficients": [
    [
      -60.647043903999787,
      112.77662989093936,
      -75.585187488740146,
      18.950943058123492,
      0,
      0,
      0,
      0
    ],
    [
      0,
      0,
      0,
      0,
      0,
      0,
      0,
      0
    ],
    [
      315.94179486353556,
      -587.52504326852477,
      395.65805552246184,
      -99.189474888510517,
      0,
      0,
      0,
      0
    ],
    [
      -93.295353000460921,
      93.817170455103621,
      -39.27614080604576,
      10.496068869828434,
      -0.76398936247322313,
      -0.02149462289454,
      0.37131552754884556,
      0.1
    ],
    [
      0,
      0,
      0,
      0,
      0,
      0,
      0,
      0
    ],
    [
      480.86579208439105,
      -484.87546249640167,
      202.99594241301986,
      -50.6109917011633,
      7.283199281076584,
      1.4650819999032478,
      -1.6637607875681535,
      -0.5
    ],
    [
      -0.58543415128026055,
      1.1177860629733249,
      -1.2176410676056539,
      0.40304575978128021,
      1.738829664255809,
      0.79473332220830906,
      0.49838190853302916,
      0.2
    ],
    [
      0,
      0,
      0,
      0,
      0,
      0,
      0,
      0
    ],
    [
      1.2975657666482179,
      -2.8787201003309111,
      1.4741935348084607,
      1.5490847429450847,
      -2.1786138578100833,
      1.10936303412625,
      -0.78064547541371365,
      -0.8
    ],
    [
      -0.014101301596349869,
      0.084203547050943128,
      -0.027033249716877705,
      -0.82729691981988518,
      0.78918031897570207,
      3.2838206021827365,
      2.8825123944424629,
      1
    ],
    [
      0,
      0,
      0,
      0,
      0,
      0,
      0,
      0
    ],
    [
      0.0001652202144643445,
      -0.00167974348968742,
      0.030351443665584704,
      -0.17003252899441001,
      0.26541200920910812,
      0.1986105996807761,
      -0.45009826257130775,
      -1.1
    ],
    [
      -0.74324562952438811,
      2.9461062001972778,
      -4.0072167830211356,
      2.7634392875053493,
      -1.3431919072465908,
      -3.0210857893951504,
      7.08534419658558,
      15.275
    ],
    [
      0,
      0,
      0,
      0,
      0,
      0,
      0,
      0
    ],
    [
      -0.012512359865809231,
      0.049309864815754167,
      -0.083338954578234592,
      0.1113791687509007,
      -0.075413467741305,
      -0.1415375860840955,
      0.28592881076175952,
      -0.935
    ]
  ]
}