{
  "hover_time": {
    "seconds": 2
  },
  "waypoints": [
    [
      0,
      0.1,
      0.2,
      1,
      15,
      16.5
    ],
    [
      0,
      0,
      0,
      0,
      0,
      0
    ],
    [
      0,
      -0.5,
      -0.8,
      -1.1,
      -1,
      -0.9
    ]
  ],
  "waypoint_times": [
    0,
    0.44999999999999996,
    0.69,
    1.2149999999999999,
    3.0749999999999997,
    3.7349999999999994
  ],
  "piecewise_polynomial_coefficients": [
    [
      -82.437776932108733,
      146.45953398659211,
      -93.867772018083159,
      22.533236843204861,
      0,
      0,
      0,
      0
    ],
    [
      0,
      0,
      0,
      0,
      0,
      0,
      0,
      0
    ],
    [
      434.36278757243326,
      -771.72716511687668,
      496.57108901878564,
      -118.95681136189383,
      0,
      0,
      0,
      0
    ],
    [
      -128.14600877175894,
      122.79224286453189,
      -48.635448441513432,
      12.34083907891976,
      -0.91615448956506929,
      -0.018166157464465402,
      0.39127226668551973,
      0.1
    ],
    [
      0,
      0,
      0,
      0,
      0,
      0,
      0,
      0
    ],
    [
      660.91038898207012,
      -636.75600772082873,
      254.57995330414872,
      -60.624770906058032,
      8.3670534123461522,
      1.6028396921386379,
      -1.7424592308150288,
      -0.5
    ],
    [
      -1.2473600492713572,
      2.1766394137941738,
      -2.1041760561798579,
      0.85486725051327284,
      1.9861124588822618,
      0.83196526006674865,
      0.51506181646366256,
      0.2
    ],
    [
      0,
      0,
      0,
      0,
      0,
      0,
      0,
      0
    ],
    [
      1.7183358567757829,
      -3.675973013246792,
      1.8598117898212339,
      1.7623900468955465,
      -2.4990027437116966,
      1.2306958288540453,
      -0.81443635769124667,
      -0.8
    ],
    [
      -0.037420641333202359,
      0.21419195338213415,
      -0.23137333011984351,
      -0.98306169106536512,
      0.96439844883908643,
      3.7646433725961992,
      3.0644843313857528,
      1
    ],
    [
      0,
      0,
      0,
      0,
      0,
      0,
      0,
      0
    ],
    [
      -0.00246385034822438,
      0.013193022053871406,
      -0.01392561480897031,
      -0.10200681264897579,
      0.25854439386584832,
      0.15082615914174796,
      -0.4898427600522357,
      -1.1
    ],
    [
      -39.974428577449544,
      78.517943158129128,
      -51.070927886881691,
      14.747607264617727,
      -2.4641328743415234,
      -5.1883886807129738,
      5.6921223430131951,
      15
    ],
    [
      0,
      0,
      0,
      0,
      0,
      0,
      0,
      0
    ],
    [
      -3.2378586436726664,
      6.3564270826578877,
      -4.0594476565519244,
      1.1187570586001243,
      -0.31638231472789008,
      -0.20328640251373245,
      0.3437173462741735,
      -1
    ]
  ]
}