{
  "hover_time": {
    "seconds": 15
  },
  "waypoints": [
    [
      0,
      0.1,
      0.8,
      1.8,
      2.5,
      1.8,
      -1.5,
      -2.8,
      -1,
      0
    ],
    [
      0,
      0.045,
      0.4,
      0.6,
      0,
      -0.6,
      -0.6,
      0,
      0.4,
      0
    ],
    [
      0,
      -0.5,
      -1,
      -1,
      -1,
      -1,
      -1,
      -1,
      -1,
      -1
    ]
  ],
  "waypoint_times": [
    0,
    3.2,
    6.4,
    9.6000000000000014,
    12.8,
    16,
    19.200000000000003,
    22.400000000000002,
    25.6,
    28.8
  ],
  "piecewise_polynomial_coefficients": [
    [
      -3.9885755450341337E-6,
      5.0751122565563333E-5,
      -0.00038432787316302524,
      0.0017945296589162482,
      0,
      0,
      0,
      0
    ],
    [
      7.7084125622383629E-6,
      -9.8082804742544589E-5,
      0.00036424077186549534,
      1.5361630137456243E-5,
      0,
      0,
      0,
      0
    ],
    [
      0.00039196726998787365,
      -0.0049874413039938722,
      0.023192827679444843,
      -0.040758004706320128,
      0,
      0,
      0,
      0
    ],
    [
      -4.0298909070259797E-7,
      5.1274960595746092E-6,
      2.4924404185339881E-5,
      -0.00089392342342696778,
      0.0022369250393178977,
      0.036038737159146871,
      0.10591070228535782,
      0.1
    ],
    [
      7.787569555074353E-7,
      -9.9088509938300784E-6,
      6.8225627998105007E-5,
      -0.000845193247031108,
      0.0015053344267282596,
      0.020344117162944018,
      0.053451692012070853,
      0.045
    ],
    [
      3.9596735238607639E-5,
      -0.000503833886070492,
      0.0027528443447137931,
      -0.0097734723970166991,
      0.02319971348064569,
      0.013057298156245652,
      -0.27745599982167873,
      -0.5
    ],
    [
      -4.1315400981547171E-8,
      5.2383846733546047E-7,
      6.0854396539973069E-5,
      -0.00014546474105825595,
      -0.00477165638507317,
      0.015983010418383996,
      0.30847026176038872,
      0.8
    ],
    [
      7.9156976266555992E-8,
      -1.0057050024364224E-6,
      0.00012098647217633835,
      -0.00042929547416678825,
      -0.0059626489287581547,
      -0.00487498973049871,
      0.14079075960578696,
      0.4
    ],
    [
      4.0000824182867279E-6,
      -5.0897556953667787E-5,
      0.00023611797246705576,
      -8.5111606536683528E-5,
      -0.0048813960041849975,
      0.023897908590192453,
      -0.035674308846810415,
      -1
    ],
    [
      -1.01649537218734E-8,
      1.1088902433526587E-7,
      -0.000254359216945263,
      0.0008640948992227563,
      -0.00021044026962576317,
      -0.018288675354330881,
      0.27775921121754682,
      1.8
    ],
    [
      1.2812792119090222E-8,
      -1.4819888311293997E-7,
      -0.00012304872807082624,
      0.0014377725692602521,
      0.00056279229176970031,
      -0.049871549220344417,
      -0.067848403140905539,
      0.6
    ],
    [
      4.0408894156242616E-7,
      -5.1416834331970764E-6,
      -1.2293364199146019E-6,
      0.00022199925020596403,
      -0.00046820063595088857,
      -0.0026902443232168023,
      0.007548965656341923,
      -1
    ],
    [
      -6.0334096579472279E-8,
      5.85051266813923E-7,
      0.000651356626705232,
      -0.003196427811990598,
      -0.015161042686584853,
      -0.0504645528309374,
      0.13429497270596158,
      2.5
    ],
    [
      4.8970909246436093E-8,
      -4.7628342524286161E-7,
      7.7482142784361924E-6,
      -0.00054244990763944,
      0.0063159909559002839,
      0.0034045839856713081,
      -0.24600064463793037,
      0
    ],
    [
      4.0806997346382442E-8,
      -5.1927737843610354E-7,
      1.5339364288273E-5,
      -0.00014828843276268276,
      0.00036086494346446825,
      0.00081205050620033429,
      -0.0029127278058647997,
      -1
    ],
    [
      -5.9317604205160867E-7,
      5.7396239601724235E-6,
      -0.00075652528642064336,
      0.0072816364873103893,
      0.010785591992966279,
      -0.17846748190799411,
      -0.73116473873861976,
      1.8
    ],
    [
      4.7689626235720124E-7,
      -4.6146349043764352E-6,
      8.2126480698667631E-5,
      -0.00046419121617038831,
      3.3636195132282926E-5,
      0.0328448507576539,
      -0.097812573885247667,
      -0.6
    ],
    [
      3.9810319055058494E-9,
      -5.1090351342771859E-8,
      -5.3404533574424E-6,
      6.1735096066012991E-5,
      -0.00015702738234407251,
      -0.00033729347037773471,
      0.0012372194712338411,
      -1
    ],
    [
      -5.871426507868423E-6,
      5.6811190404786049E-5,
      -3.7339549114748412E-5,
      -0.0042684101014625071,
      0.028106904094449374,
      0.12940761516590912,
      -0.97714474479283031,
      -1.5
    ],
    [
      4.7199917146190828E-6,
      -4.5670065588669087E-5,
      -6.2102059216532363E-5,
      0.00040414796402141661,
      0.0012277100339546762,
      0.027661278463842889,
      0.089937189156844816,
      -0.6
    ],
    [
      -9.9667828535363628E-10,
      8.3738650928502224E-9,
      2.4490586355732524E-6,
      -2.7156855245082286E-5,
      6.7447301637714108E-5,
      0.00014598209639954168,
      -0.00052646928306959945,
      -1
    ],
    [
      -5.81210890848916E-5,
      0.00056237228077148527,
      -0.0018348113397798436,
      0.00062137891116062667,
      -0.014668762516623676,
      0.17273103045446689,
      0.20570761976568616,
      -2.8
    ],
    [
      4.6723020919439012E-5,
      -0.00045208602139377345,
      0.0022249445821936461,
      -0.0050006173564970668,
      -0.01256633596201908,
      0.0053548355091802384,
      0.268628122062817,
      0
    ],
    [
      -1.39478147616718E-8,
      1.3482900228750122E-7,
      -1.668901614966153E-6,
      1.2987406790183509E-5,
      -2.7546770246416463E-5,
      -6.63855339823211E-5,
      0.00021367355452010418,
      -1
    ],
    [
      -0.00057533946425055967,
      0.00556691161628554,
      -0.017821584287951081,
      0.02558225750531936,
      -0.039348822599800812,
      -0.056153661806753935,
      0.675393276878482,
      -1
    ],
    [
      0.00046251021750084255,
      -0.0044751901486319006,
      0.013439891846405774,
      -0.013067143289813975,
      0.026455226453500798,
      -0.0752893774317277,
      -0.13105809231997323,
      0.4
    ],
    [
      -1.3848146933337357E-7,
      1.3399161577221097E-6,
      -3.5761809388801247E-6,
      -6.7708279039013775E-7,
      4.969342892869776E-6,
      3.4031437089636871E-5,
      -6.351818114429791E-5,
      -1
    ]
  ]
}