{
  "hover_time": {
    "seconds": 15
  },
  "waypoints": [
    [
      0,
      0.1,
      0.8,
      1.8,
      2.5,
      1.8,
      -1.5,
      -2.8,
      -1,
      0
    ],
    [
      0,
      0.045,
      0.4,
      0.6,
      0,
      -0.6,
      -0.6,
      0,
      0.4,
      0
    ],
    [
      0,
      -0.5,
      -1,
      -1,
      -1,
      -1,
      -1,
      -1,
      -1,
      -1
    ]
  ],
  "waypoint_times": [
    0,
    3.2,
    6.4,
    9.6000000000000014,
    12.8,
    16,
    19.200000000000003,
    22.400000000000002,
    25.6,
    28.8
  ],
  "piecewise_polynomial_coefficients": [
    [
      -3.9885755450338465E-6,
      5.0751122565560263E-5,
      -0.00038432787316301678,
      0.0017945296589162375,
      0,
      0,
      0,
      0
    ],
    [
      7.7084125622384375E-6,
      -9.8082804742544331E-5,
      0.00036424077186549345,
      1.5361630137457575E-5,
      0,
      0,
      0,
      0
    ],
    [
      0.00039196726998787354,
      -0.0049874413039938687,
      0.023192827679444829,
      -0.040758004706320114,
      0,
      0,
      0,
      0
    ],
    [
      -4.0298909070261284E-7,
      5.127496059570086E-6,
      2.492440418531444E-5,
      -0.00089392342342702936,
      0.0022369250393178986,
      0.036038737159146871,
      0.10591070228535784,
      0.1
    ],
    [
      7.787569555073814E-7,
      -9.9088509938324264E-6,
      6.82256279980888E-5,
      -0.00084519324703113518,
      0.0015053344267282622,
      0.020344117162944007,
      0.053451692012070839,
      0.045
    ],
    [
      3.9596735238608154E-5,
      -0.00050383388607049646,
      0.0027528443447138113,
      -0.0097734723970167182,
      0.023199713480645708,
      0.013057298156245643,
      -0.27745599982167879,
      -0.5
    ],
    [
      -4.1315400982181572E-8,
      5.23838467343841E-7,
      6.085439653988928E-5,
      -0.00014546474105826314,
      -0.004771656385073225,
      0.015983010418384007,
      0.30847026176038878,
      0.8
    ],
    [
      7.9156976266284333E-8,
      -1.0057050024417242E-6,
      0.00012098647217630439,
      -0.00042929547416677328,
      -0.0059626489287581668,
      -0.0048749897304986838,
      0.14079075960578702,
      0.4
    ],
    [
      4.0000824182865051E-6,
      -5.0897556953674753E-5,
      0.00023611797246702508,
      -8.5111606536657859E-5,
      -0.0048813960041849975,
      0.023897908590192404,
      -0.035674308846810422,
      -1
    ],
    [
      -1.0164953722280306E-8,
      1.1088902432803466E-7,
      -0.00025435921694532283,
      0.00086409489922258359,
      -0.00021044026962573276,
      -0.018288675354330826,
      0.27775921121754676,
      1.8
    ],
    [
      1.2812792119934798E-8,
      -1.4819888311454288E-7,
      -0.00012304872807081881,
      0.0014377725692602328,
      0.00056279229176974216,
      -0.049871549220344424,
      -0.067848403140905664,
      0.6
    ],
    [
      4.0408894156156282E-7,
      -5.1416834331832452E-6,
      -1.229336419914427E-6,
      0.00022199925020596384,
      -0.00046820063595090055,
      -0.0026902443232168396,
      0.0075489656563419568,
      -1
    ],
    [
      -6.0334096577133224E-8,
      5.8505126677604338E-7,
      0.00065135662670520527,
      -0.00319642781199073,
      -0.015161042686584775,
      -0.050464552830937322,
      0.13429497270596175,
      2.5
    ],
    [
      4.8970909247074379E-8,
      -4.7628342524277813E-7,
      7.7482142784381982E-6,
      -0.00054244990763942713,
      0.0063159909559002362,
      0.0034045839856713,
      -0.2460006446379302,
      0
    ],
    [
      4.0806997346622808E-8,
      -5.1927737843835961E-7,
      1.5339364288279768E-5,
      -0.0001482884327626891,
      0.0003608649434644683,
      0.00081205050620033364,
      -0.0029127278058648,
      -1
    ],
    [
      -5.9317604204832949E-7,
      5.7396239601489759E-6,
      -0.00075652528642043758,
      0.0072816364873100458,
      0.010785591992966592,
      -0.17846748190799416,
      -0.7311647387386202,
      1.8
    ],
    [
      4.7689626235772164E-7,
      -4.6146349043830421E-6,
      8.21264806986436E-5,
      -0.00046419121617046583,
      3.3636195132293083E-5,
      0.032844850757653969,
      -0.097812573885247681,
      -0.6
    ],
    [
      3.9810319062322174E-9,
      -5.109035133666495E-8,
      -5.3404533574701711E-6,
      6.1735096065980045E-5,
      -0.00015702738234406311,
      -0.00033729347037777542,
      0.0012372194712338051,
      -1
    ],
    [
      -5.8714265078665121E-6,
      5.6811190404794533E-5,
      -3.73395491145833E-5,
      -0.004268410101462651,
      0.028106904094449357,
      0.12940761516590904,
      -0.97714474479282987,
      -1.5
    ],
    [
      4.7199917146197926E-6,
      -4.56700655886744E-5,
      -6.210205921652171E-5,
      0.00040414796402138983,
      0.0012277100339547491,
      0.027661278463842857,
      0.089937189156844663,
      -0.6
    ],
    [
      -9.9667828530266024E-10,
      8.37386509220921E-9,
      2.4490586355759133E-6,
      -2.7156855245030393E-5,
      6.74473016377046E-5,
      0.00014598209639949829,
      -0.00052646928306956725,
      -1
    ],
    [
      -5.8121089084889877E-5,
      0.00056237228077150642,
      -0.0018348113397799373,
      0.00062137891116034012,
      -0.014668762516623544,
      0.172731030454467,
      0.20570761976568591,
      -2.8
    ],
    [
      4.6723020919440076E-5,
      -0.00045208602139377665,
      0.0022249445821936691,
      -0.0050006173564970642,
      -0.01256633596201911,
      0.005354835509180215,
      0.26862812206281717,
      0
    ],
    [
      -1.3947814761743855E-8,
      1.3482900228827049E-7,
      -1.6689016149689103E-6,
      1.2987406790186806E-5,
      -2.7546770246423731E-5,
      -6.6385533982321328E-5,
      0.00021367355452011678,
      -1
    ],
    [
      -0.00057533946425055967,
      0.0055669116162855373,
      -0.017821584287951078,
      0.025582257505319277,
      -0.039348822599800728,
      -0.056153661806753977,
      0.675393276878482,
      -1
    ],
    [
      0.00046251021750084271,
      -0.0044751901486319032,
      0.013439891846405781,
      -0.013067143289813999,
      0.026455226453500808,
      -0.075289377431727672,
      -0.13105809231997326,
      0.4
    ],
    [
      -1.3848146933337357E-7,
      1.3399161577221097E-6,
      -3.5761809388801247E-6,
      -6.7708279039013775E-7,
      4.969342892869781E-6,
      3.4031437089639385E-5,
      -6.3518181144302436E-5,
      -1
    ]
  ]
}