{
  "hover_time": {
    "seconds": 15
  },
  "waypoints": [
    [
      0,
      0,
      0.1,
      0.8,
      1.8,
      2.5,
      1.8,
      -1.5,
      -2.8,
      -1,
      0
    ],
    [
      0,
      0,
      0.045,
      0.4,
      0.6,
      0,
      -0.6,
      -0.6,
      0,
      0.4,
      0
    ],
    [
      0,
      0,
      -0.5,
      -1,
      -1,
      -1,
      -1,
      -1,
      -1,
      -1,
      -1
    ]
  ],
  "waypoint_times": [
    0,
    4,
    7.2,
    10.4,
    13.600000000000001,
    16.8,
    20,
    23.200000000000003,
    26.400000000000002,
    29.6,
    32.800000000000004
  ],
  "piecewise_polynomial_coefficients": [
    [
      -5.27099540183704E-6,
      8.3613085007900215E-5,
      -0.00043616222924478437,
      0.000744183262570305,
      0,
      0,
      0,
      0
    ],
    [
      -3.7758243948016266E-6,
      5.9895391469735271E-5,
      -0.00031587883253384006,
      0.00054684182788690015,
      0,
      0,
      0,
      0
    ],
    [
      -2.5500183879909451E-5,
      0.00040450596177767778,
      -0.00224391846476001,
      0.0041355902389113974,
      0,
      0,
      0,
      0
    ],
    [
      -1.4284137746643571E-6,
      1.8175299179402086E-5,
      -0.00018659910165866306,
      0.00096815849782406658,
      0.0019176055316117444,
      2.4527799320307698E-5,
      -0.0051879240882587545,
      0
    ],
    [
      -1.0232205151289148E-6,
      1.3019603021360795E-5,
      -0.00012835938005848808,
      0.00063851570349972775,
      0.0010435705446145555,
      -0.00086266188654599463,
      -0.0045965495619676288,
      0
    ],
    [
      -6.9103945904067859E-6,
      8.792873804192509E-5,
      -0.00053831890740224761,
      0.0025423560388494726,
      -0.0035715270275801987,
      -0.034144215438201835,
      -0.059361176774205549,
      0
    ],
    [
      -1.4436023815558803E-7,
      1.8366696975303043E-6,
      2.7446888561649611E-5,
      -0.00077802593293703189,
      0.0018713489564862436,
      0.035294460443436253,
      0.10880017371573134,
      0.1
    ],
    [
      -1.0331711401598703E-7,
      1.3147714397226368E-6,
      -3.5078021468894207E-6,
      -0.00052741052254719667,
      0.00084986240544928217,
      0.019593230922662092,
      0.056856349550661732,
      0.045
    ],
    [
      -6.9809165832782521E-7,
      8.8826067509891028E-6,
      -9.749875148142393E-5,
      -7.4760868783429647E-5,
      0.0061104932017544914,
      0.00098147044878822763,
      -0.21151984462200793,
      -0.5
    ],
    [
      -1.5188592729067023E-8,
      1.9139761365564527E-7,
      6.8233285560549947E-5,
      -0.00021361362696397423,
      -0.0046029461272155047,
      0.016322900780185695,
      0.30719788485559169,
      0.8
    ],
    [
      -9.95061707556508E-9,
      1.2811127650475754E-7,
      0.00012235102263457603,
      -0.00049389286711864144,
      -0.0057777180737714484,
      -0.0044616893181521552,
      0.13926338315481251,
      0.4
    ],
    [
      -7.05220084168933E-8,
      8.9732966240846872E-7,
      0.00011918211210243966,
      -0.0010290233023053971,
      -0.0015710204655776244,
      0.032152584400303642,
      -0.0658045066229507,
      -1
    ],
    [
      -7.5257231200938368E-9,
      7.7306755265022359E-8,
      -0.00025666481842322647,
      0.00089133862629049612,
      -0.00028042014920340752,
      -0.018437103219466712,
      0.27830824622917988,
      1.8
    ],
    [
      3.8109482519289126E-9,
      -3.3658730814157577E-8,
      -0.00012658250082614786,
      0.0014723245311286956,
      0.000476638027184247,
      -0.0500491922042643,
      -0.067188149320703688,
      0.6
    ],
    [
      -7.1284301060477019E-9,
      9.06899285434324E-8,
      -8.5646878912852653E-5,
      0.00093908079575110391,
      -0.0022090133874745994,
      -0.0061843601935466057,
      0.020596399965352872,
      -1
    ],
    [
      -6.0068654505759107E-8,
      5.8167013696993347E-7,
      0.00065243757617406751,
      -0.0032083636980018673,
      -0.015130718908344491,
      -0.050400655627696307,
      0.13405860501484843,
      2.5
    ],
    [
      4.806012118384466E-8,
      -4.6469879525930087E-7,
      8.9716372480438155E-6,
      -0.00055662761468463541,
      0.0063522715962689852,
      0.0034815111553954726,
      -0.24628494463589529,
      0
    ],
    [
      -7.6229267211220493E-10,
      9.5696231370496277E-9,
      3.8049793886245955E-5,
      -0.00042508380907927941,
      0.0010742534964815163,
      0.0023338790303479751,
      -0.0085318250397453856,
      -1
    ],
    [
      -5.931608530121388E-7,
      5.7393949038866261E-6,
      -0.00075698434705862114,
      0.0072867655558139328,
      0.010772583975290531,
      -0.17849505938641214,
      -0.73106316147722283,
      1.8
    ],
    [
      4.7679028214538223E-7,
      -4.6133294244438685E-6,
      8.1566560837688354E-5,
      -0.0004580037918137069,
      1.797019374865107E-5,
      0.032811688235198817,
      -0.0976903958787165,
      -0.6
    ],
    [
      -4.9449660204093576E-10,
      5.006302731038399E-9,
      -1.6555926693738262E-5,
      0.00018437716644650006,
      -0.00046704644386633094,
      -0.00099259989939173214,
      0.0036520701372482127,
      -1
    ],
    [
      -5.8715399704039851E-6,
      5.6812279968815828E-5,
      -3.7140159539118434E-5,
      -0.0042706383982907183,
      0.028112445973975584,
      0.129419612450924,
      -0.97718801940065714,
      -1.5
    ],
    [
      4.7198426957276645E-6,
      -4.5668595420721378E-5,
      -6.1863014277946434E-5,
      0.00040146957171347626,
      0.0012343738808228474,
      0.027675709700690519,
      0.089885137988906377,
      -0.6
    ],
    [
      -4.182673323082103E-9,
      4.0493403870027447E-8,
      7.1587788582906383E-6,
      -8.0060384976992548E-5,
      0.00019912051332413342,
      0.00043123108424293247,
      -0.0015552634214889265,
      -1
    ],
    [
      -5.8122238882873033E-5,
      0.00056238340521665142,
      -0.0018349487369928321,
      0.000622447066916837,
      -0.014671027696621862,
      0.17272557343201278,
      0.20572518533668913,
      -2.8
    ],
    [
      4.6721636654564729E-5,
      -0.0004520726245754257,
      0.002224779239837106,
      -0.004999332381519216,
      -0.012569060747426811,
      0.0053482718209924831,
      0.26864925012699309,
      0
    ],
    [
      -4.1332236629806463E-8,
      3.9992773608715821E-7,
      -4.9384227719831966E-6,
      3.8388560159637295E-5,
      -8.1406180144542146E-5,
      -0.00019611568514191316,
      0.00063127096837218405,
      -1
    ],
    [
      -0.00057535084888030684,
      0.0055670217724117206,
      -0.017821878298653376,
      0.025582201885936358,
      -0.039348414121332123,
      -0.056150864118765006,
      0.67538805514059419,
      -1
    ],
    [
      0.00046249652382989955,
      -0.0044750576501216451,
      0.013439538199337407,
      -0.013067210170598762,
      0.026455717755132904,
      -0.075286012333827382,
      -0.1310643730848795,
      0.4
    ],
    [
      -4.0913969297923236E-7,
      3.9587839570226491E-6,
      -1.0566175170478864E-5,
      -1.9986458258403061E-6,
      1.4679569423950857E-5,
      0.00010054294453765775,
      -0.00018765788811938658,
      -1
    ]
  ]
}