{
  "normalized_thrust_to_thrust_polynomial": [
    -1225.1452159827293,
    3889.9087791150923,
    -4796.6047697858776,
    2844.362204073208,
    -809.95536988748518,
    128.06200953087625,
    4.2767571075650777,
    0.22158755108870978
  ],
  "thrust_to_normalized_thrust_polynomial": [
    2.4591731397119028E-10,
    -2.9764216922011841E-8,
    1.5256975606726995E-6,
    -4.4210707058374142E-5,
    0.00081199079192906959,
    -0.0098303333146295951,
    0.094801218437836871,
    -0.012240927327923512
  ],
  "normalized_thrust_to_rps_polynomial": [
    -32359.819235086237,
    113883.27012694081,
    -158219.57844917616,
    108564.74451572458,
    -36915.814365961291,
    4757.5215597332008,
    1069.2500477197036,
    -30.701497890560272
  ],
  "estimated_Ct": 0.542418958461701
}