{
  "normalized_thrust_to_thrust_polynomial": [
    -1225.1452159824748,
    3889.9087791143279,
    -4796.60476978498,
    2844.3622040726623,
    -809.95536988727122,
    128.06200953080693,
    4.2767571075824717,
    0.22158755108612843
  ],
  "thrust_to_normalized_thrust_polynomial": [
    2.4591731397055997E-10,
    -2.9764216921930036E-8,
    1.5256975606683326E-6,
    -4.4210707058250475E-5,
    0.00081199079192707444,
    -0.0098303333146113857,
    0.094801218437749274,
    -0.012240927327735478
  ],
  "normalized_thrust_to_rps_polynomial": [
    -32359.819235069564,
    113883.27012688491,
    -158219.57844910055,
    108564.74451567062,
    -36915.814365938655,
    4757.5215597272781,
    1069.2500477207,
    -30.701497890662122
  ],
  "estimated_Ct": 0.54241895846216892
}