{
  "hover_time": {
    "seconds": 2
  },
  "waypoints": [
    [
      0,
      0.1,
      0.2,
      1,
      10,
      10.5
    ],
    [
      0,
      0,
      0,
      0,
      0,
      0
    ],
    [
      0,
      -0.5,
      -0.8,
      -1.05,
      -1,
      -1
    ]
  ],
  "waypoint_times": [
    0,
    0.3825,
    0.58649999999999991,
    1.03275,
    2.61375,
    3.17475
  ],
  "piecewise_polynomial_coefficients": [
    [
      -270.43552301383431,
      408.404034161967,
      -221.68135403251034,
      44.84689838915321,
      0,
      0,
      0,
      0
    ],
    [
      0,
      0,
      0,
      0,
      0,
      0,
      0,
      0
    ],
    [
      1348.0145915758667,
      -2035.7495211471023,
      1113.860644335525,
      -227.00506234798871,
      0,
      0,
      0,
      0
    ],
    [
      -413.19934093172469,
      338.02306714095062,
      -117.45249020493165,
      25.790440960189773,
      -1.2230850855897875,
      -0.056476281212243185,
      0.44743549784146869,
      0.1
    ],
    [
      0,
      0,
      0,
      0,
      0,
      0,
      0,
      0
    ],
    [
      2051.8818548298091,
      -1680.1911793675913,
      569.96646690548653,
      -115.00426272295083,
      13.755282343278234,
      2.1999836320541415,
      -2.0568639897504286,
      -0.5
    ],
    [
      -1.652339630503743,
      2.7402546908733392,
      -2.1023175512023204,
      -0.77084592250948636,
      3.2903574133051574,
      1.379032050393082,
      0.63851286911695,
      0.2
    ],
    [
      0,
      0,
      0,
      0,
      0,
      0,
      0,
      0
    ],
    [
      5.6019985011193052,
      -10.064346105540238,
      4.5167977505408823,
      2.8896700900845165,
      -3.7988396845964489,
      1.8654981962057864,
      -0.9382524098758549,
      -0.8
    ],
    [
      -0.022422773756699182,
      0.10948250675074733,
      0.35431430193102553,
      -1.9481732959481912,
      0.30475835712712734,
      4.0106930171462416,
      3.3437751143583423,
      1
    ],
    [
      0,
      0,
      0,
      0,
      0,
      0,
      0,
      0
    ],
    [
      0.0034277571960955149,
      -0.019034210055151518,
      0.10766655550193441,
      -0.32187320441191553,
      0.24182706511895929,
      0.341505701872836,
      -0.3789704418669721,
      -1.05
    ],
    [
      -23.64852011201765,
      39.484393154758436,
      -23.701694351670085,
      7.3798700688553254,
      0.590625673373111,
      -4.1503435532880939,
      2.6215607687295717,
      10
    ],
    [
      0,
      0,
      0,
      0,
      0,
      0,
      0,
      0
    ],
    [
      1.8150448909223087,
      -3.0391303479791532,
      1.4744769102198916,
      -0.15317614183237538,
      0.14266063654417971,
      -0.15678472825649678,
      0.036350683983550874,
      -1
    ]
  ]
}