{
  "hover_time": {
    "seconds": 2
  },
  "waypoints": [
    [
      0,
      0.1,
      0.2,
      1,
      10,
      10.5
    ],
    [
      0,
      0,
      0,
      0,
      0,
      0
    ],
    [
      0,
      -0.5,
      -0.8,
      -1.1,
      -1,
      -0.9
    ]
  ],
  "waypoint_times": [
    0,
    0.3825,
    0.58649999999999991,
    1.03275,
    2.61375,
    3.17475
  ],
  "piecewise_polynomial_coefficients": [
    [
      -270.43552301383431,
      408.404034161967,
      -221.68135403251034,
      44.84689838915321,
      0,
      0,
      0,
      0
    ],
    [
      0,
      0,
      0,
      0,
      0,
      0,
      0,
      0
    ],
    [
      1354.9402108629452,
      -2046.2101452586317,
      1119.1461428296257,
      -227.88388331602329,
      0,
      0,
      0,
      0
    ],
    [
      -413.19934093172469,
      338.02306714095062,
      -117.45249020493165,
      25.790440960189773,
      -1.2230850855897875,
      -0.056476281212243185,
      0.44743549784146869,
      0.1
    ],
    [
      0,
      0,
      0,
      0,
      0,
      0,
      0,
      0
    ],
    [
      2061.6270254499091,
      -1688.3383944697241,
      573.75908315658933,
      -116.1380173188308,
      13.624349133756079,
      2.218463241658871,
      -2.0499520362269594,
      -0.5
    ],
    [
      -1.652339630503743,
      2.7402546908733392,
      -2.1023175512023204,
      -0.77084592250948636,
      3.2903574133051574,
      1.379032050393082,
      0.63851286911695,
      0.2
    ],
    [
      0,
      0,
      0,
      0,
      0,
      0,
      0,
      0
    ],
    [
      5.3601330753985152,
      -9.7467260470877957,
      4.19154725682546,
      3.3761857220640827,
      -4.0692086196636419,
      1.7033852301665644,
      -0.95816042083944886,
      -0.8
    ],
    [
      -0.022422773756699182,
      0.10948250675074733,
      0.35431430193102553,
      -1.9481732959481912,
      0.30475835712712734,
      4.0106930171462416,
      3.3437751143583423,
      1
    ],
    [
      0,
      0,
      0,
      0,
      0,
      0,
      0,
      0
    ],
    [
      -0.007685671995999635,
      0.034980880310753137,
      -0.031384827845638452,
      -0.19541301001739758,
      0.42099636677958091,
      0.20875592966148684,
      -0.57628560001914841,
      -1.1
    ],
    [
      -23.64852011201765,
      39.484393154758436,
      -23.701694351670085,
      7.3798700688553254,
      0.590625673373111,
      -4.1503435532880939,
      2.6215607687295717,
      10
    ],
    [
      0,
      0,
      0,
      0,
      0,
      0,
      0,
      0
    ],
    [
      -10.100093744318656,
      16.853865164550143,
      -9.1489723981712814,
      2.1431870954171472,
      -0.515175761863661,
      -0.28136526296563275,
      0.40437334855025958,
      -1
    ]
  ]
}