{
  "hover_time": {
    "seconds": 2
  },
  "waypoints": [
    [
      0,
      0.1,
      0.2,
      1,
      10,
      11.5
    ],
    [
      0,
      0,
      0,
      0,
      0,
      0
    ],
    [
      0,
      -0.5,
      -0.8,
      -1.1,
      -1,
      -0.9
    ]
  ],
  "waypoint_times": [
    0,
    0.3825,
    0.58649999999999991,
    1.03275,
    2.61375,
    3.6847499999999997
  ],
  "piecewise_polynomial_coefficients": [
    [
      -278.24064368620583,
      420.19269173809295,
      -227.62606751823239,
      45.83278827560715,
      0,
      0,
      0,
      0
    ],
    [
      0,
      0,
      0,
      0,
      0,
      0,
      0,
      0
    ],
    [
      1356.0400728272123,
      -2047.8697563915478,
      1119.9824513691747,
      -228.02251048099814,
      0,
      0,
      0,
      0
    ],
    [
      -424.36690284782446,
      347.31743993584752,
      -122.53601263287443,
      27.087904241862553,
      -1.0653336745339044,
      -0.07469023897738665,
      0.43989638316972679,
      0.1
    ],
    [
      0,
      0,
      0,
      0,
      0,
      0,
      0,
      0
    ],
    [
      2063.9616315743251,
      -1690.1113635527063,
      574.57414967441719,
      -116.32860198969254,
      13.602322459880515,
      2.2210247981643354,
      -2.0488934035754811,
      -0.5
    ],
    [
      -1.4425494994408745,
      2.467983699969388,
      -0.99822789165887416,
      -2.0940271548756662,
      3.2924670336391513,
      1.508355181056211,
      0.6573452430095208,
      0.2
    ],
    [
      0,
      0,
      0,
      0,
      0,
      0,
      0,
      0
    ],
    [
      5.5890738690568469,
      -10.061115432992532,
      4.2037024506882341,
      3.52859455922115,
      -4.0670775848421323,
      1.6853372212965454,
      -0.96080116980172137,
      -0.8
    ],
    [
      -0.012480440129272956,
      0.061162173663837409,
      0.18404766033819681,
      -1.1192761669393314,
      -0.049065350481194626,
      3.4590212394251476,
      3.2105548247070996,
      1
    ],
    [
      0,
      0,
      0,
      0,
      0,
      0,
      0,
      0
    ],
    [
      0.0015449251397895338,
      -0.009895047264148896,
      0.092260629744174566,
      -0.38646662178054131,
      0.47837718588249412,
      0.28453406658038305,
      -0.55790119995598819,
      -1.1
    ],
    [
      -0.65487679277219968,
      2.1081048626509187,
      -2.6631510347472762,
      2.1781098373331496,
      -0.42210101864415656,
      -3.1436033622745287,
      4.0974251096989409,
      10
    ],
    [
      0,
      0,
      0,
      0,
      0,
      0,
      0,
      0
    ],
    [
      -0.0078232383969745554,
      0.024184988320056215,
      -0.081425906751454946,
      0.18762584147305444,
      -0.10375944624066415,
      -0.203409138250526,
      0.28460281590568376,
      -1
    ]
  ]
}