{
  "hover_time": {
    "seconds": 2
  },
  "waypoints": [
    [
      0,
      1,
      3,
      12.5,
      22.5
    ],
    [
      0,
      0,
      0,
      0,
      0
    ],
    [
      0,
      -2.5,
      -4,
      -3.3,
      -2.6
    ]
  ],
  "waypoint_times": [
    0,
    3.5,
    7,
    8.8,
    10.600000000000001
  ],
  "piecewise_polynomial_coefficeints": [
    [
      4.1095534691911216E-5,
      -0.0006450585632108175,
      0.0010762925597283491,
      0.0090368624361817258,
      0,
      0,
      0,
      0
    ],
    [
      0,
      0,
      0,
      0,
      0,
      0,
      0,
      0
    ],
    [
      0.0012135437580688567,
      -0.016892657429845904,
      0.085267696436938559,
      -0.16019229775541033,
      0,
      0,
      0,
      0
    ],
    [
      -0.00021076538581227174,
      0.002209298193416157,
      0.0012712784332146666,
      -0.016864217232104847,
      -0.07893435166533,
      0.12695036700636805,
      0.85340811690402962,
      1
    ],
    [
      0,
      0,
      0,
      0,
      0,
      0,
      0,
      0
    ],
    [
      0.00011156612371059442,
      -0.0015898096254397017,
      0.011005123081785573,
      -0.04564945452743404,
      0.090906255688629117,
      0.14496952816873024,
      -1.1138926748646452,
      -2.5
    ],
    [
      -0.043798370115407076,
      0.23584403703632595,
      -0.55582446566000066,
      0.463635190190467,
      0.62819209121250852,
      1.2520159063729241,
      1.1529557737531422,
      3
    ],
    [
      0,
      0,
      0,
      0,
      0,
      0,
      0,
      0
    ],
    [
      -0.0028130832860637665,
      0.014734456166454515,
      -0.034908852852158896,
      0.033798539100470114,
      0.022645916384929757,
      0.11466374347528475,
      0.095729125374022991,
      -4
    ],
    [
      -0.44805296310859033,
      2.438352039630975,
      -4.230307500894197,
      2.7639068501565074,
      -2.62572070120541,
      0.99898419615188616,
      9.7186482225609456,
      12.5
    ],
    [
      0,
      0,
      0,
      0,
      0,
      0,
      0,
      0
    ],
    [
      -0.03113952234989989,
      0.16942419832304215,
      -0.29381086757889013,
      0.19152619954807493,
      -0.1799962758788865,
      0.061999846200546833,
      0.68554424095636,
      -3.3
    ]
  ]
}